image_id,y_true,y_pred,y_probability,split,site,device,capture_time,has_ruler
derm_train_000,1,1,0.933,train,site_A,dermascope_v1,2025-10-12,1
derm_train_001,1,1,0.957,train,site_A,dermascope_v1,2025-10-12,1
derm_train_002,1,1,0.933,train,site_A,dermascope_v1,2025-10-12,1
derm_train_003,1,1,0.563,train,site_A,dermascope_v1,2025-10-12,0
derm_train_004,1,1,0.935,train,site_A,dermascope_v1,2025-10-12,1
derm_train_005,1,1,0.971,train,site_A,dermascope_v1,2025-10-12,1
derm_train_006,1,1,0.972,train,site_A,dermascope_v1,2025-10-12,1
derm_train_007,1,1,0.951,train,site_A,dermascope_v1,2025-10-12,1
derm_train_008,1,1,0.938,train,site_A,dermascope_v1,2025-10-12,1
derm_train_009,1,1,0.951,train,site_A,dermascope_v1,2025-10-12,1
derm_train_010,1,1,0.923,train,site_A,dermascope_v1,2025-10-12,1
derm_train_011,1,1,0.938,train,site_A,dermascope_v1,2025-10-12,1
derm_train_012,1,1,0.971,train,site_A,dermascope_v1,2025-10-12,1
derm_train_013,1,1,0.924,train,site_A,dermascope_v1,2025-10-12,1
derm_train_014,1,1,0.940,train,site_A,dermascope_v1,2025-10-12,1
derm_train_015,1,1,0.980,train,site_A,dermascope_v1,2025-10-12,1
derm_train_016,1,1,0.948,train,site_A,dermascope_v1,2025-10-12,1
derm_train_017,1,1,0.961,train,site_A,dermascope_v1,2025-10-12,1
derm_train_018,1,1,0.964,train,site_A,dermascope_v1,2025-10-12,1
derm_train_019,1,1,0.933,train,site_A,dermascope_v1,2025-10-12,1
derm_train_020,1,1,0.922,train,site_A,dermascope_v1,2025-10-12,1
derm_train_021,1,1,0.946,train,site_A,dermascope_v1,2025-10-12,1
derm_train_022,1,1,0.927,train,site_A,dermascope_v1,2025-10-12,1
derm_train_023,1,1,0.968,train,site_A,dermascope_v1,2025-10-12,1
derm_train_024,1,1,0.953,train,site_A,dermascope_v1,2025-10-12,1
derm_train_025,1,1,0.982,train,site_A,dermascope_v1,2025-10-12,1
derm_train_026,1,1,0.983,train,site_A,dermascope_v1,2025-10-12,1
derm_train_027,1,1,0.983,train,site_A,dermascope_v1,2025-10-12,1
derm_train_028,1,1,0.928,train,site_A,dermascope_v1,2025-10-12,1
derm_train_029,1,1,0.926,train,site_A,dermascope_v1,2025-10-12,1
derm_train_030,0,0,0.062,train,site_A,dermascope_v1,2025-10-12,0
derm_train_031,0,0,0.083,train,site_A,dermascope_v1,2025-10-12,0
derm_train_032,0,0,0.093,train,site_A,dermascope_v1,2025-10-12,0
derm_train_033,0,0,0.165,train,site_A,dermascope_v1,2025-10-12,0
derm_train_034,0,0,0.149,train,site_A,dermascope_v1,2025-10-12,0
derm_train_035,0,0,0.096,train,site_A,dermascope_v1,2025-10-12,0
derm_train_036,0,0,0.118,train,site_A,dermascope_v1,2025-10-12,0
derm_train_037,0,1,0.826,train,site_A,dermascope_v1,2025-10-12,1
derm_train_038,0,0,0.059,train,site_A,dermascope_v1,2025-10-12,0
derm_train_039,0,0,0.193,train,site_A,dermascope_v1,2025-10-12,0
derm_train_040,0,0,0.123,train,site_A,dermascope_v1,2025-10-12,0
derm_train_041,0,0,0.092,train,site_A,dermascope_v1,2025-10-12,0
derm_train_042,0,0,0.104,train,site_A,dermascope_v1,2025-10-12,0
derm_train_043,0,0,0.173,train,site_A,dermascope_v1,2025-10-12,0
derm_train_044,0,0,0.102,train,site_A,dermascope_v1,2025-10-12,0
derm_train_045,0,1,0.770,train,site_A,dermascope_v1,2025-10-12,1
derm_train_046,0,0,0.192,train,site_A,dermascope_v1,2025-10-12,0
derm_train_047,0,0,0.124,train,site_A,dermascope_v1,2025-10-12,0
derm_train_048,0,0,0.199,train,site_A,dermascope_v1,2025-10-12,0
derm_train_049,0,0,0.074,train,site_A,dermascope_v1,2025-10-12,0
derm_train_050,0,0,0.114,train,site_A,dermascope_v1,2025-10-12,0
derm_train_051,0,0,0.091,train,site_A,dermascope_v1,2025-10-12,0
derm_train_052,0,1,0.762,train,site_A,dermascope_v1,2025-10-12,1
derm_train_053,0,0,0.090,train,site_A,dermascope_v1,2025-10-12,0
derm_train_054,0,0,0.126,train,site_A,dermascope_v1,2025-10-12,0
derm_train_055,0,0,0.097,train,site_A,dermascope_v1,2025-10-12,0
derm_train_056,0,0,0.125,train,site_A,dermascope_v1,2025-10-12,0
derm_train_057,0,0,0.124,train,site_A,dermascope_v1,2025-10-12,0
derm_train_058,0,0,0.074,train,site_A,dermascope_v1,2025-10-12,0
derm_train_059,0,0,0.157,train,site_A,dermascope_v1,2025-10-12,0
derm_train_060,0,0,0.071,train,site_A,dermascope_v1,2025-10-12,0
derm_train_061,0,0,0.056,train,site_A,dermascope_v1,2025-10-12,0
derm_train_062,0,0,0.104,train,site_A,dermascope_v1,2025-10-12,0
derm_train_063,0,0,0.124,train,site_A,dermascope_v1,2025-10-12,0
derm_train_064,0,0,0.176,train,site_A,dermascope_v1,2025-10-12,0
derm_train_065,0,0,0.101,train,site_A,dermascope_v1,2025-10-12,0
derm_train_066,0,0,0.198,train,site_A,dermascope_v1,2025-10-12,0
derm_train_067,0,0,0.151,train,site_A,dermascope_v1,2025-10-12,0
derm_train_068,0,0,0.059,train,site_A,dermascope_v1,2025-10-12,0
derm_train_069,0,0,0.135,train,site_A,dermascope_v1,2025-10-12,0
derm_train_070,0,0,0.122,train,site_A,dermascope_v1,2025-10-12,0
derm_train_071,0,0,0.071,train,site_A,dermascope_v1,2025-10-12,0
derm_train_072,0,0,0.060,train,site_A,dermascope_v1,2025-10-12,0
derm_train_073,0,0,0.113,train,site_A,dermascope_v1,2025-10-12,0
derm_train_074,0,0,0.097,train,site_A,dermascope_v1,2025-10-12,0
derm_train_075,0,0,0.141,train,site_A,dermascope_v1,2025-10-12,0
derm_train_076,0,0,0.150,train,site_A,dermascope_v1,2025-10-12,0
derm_train_077,0,0,0.064,train,site_A,dermascope_v1,2025-10-12,0
derm_train_078,0,0,0.148,train,site_A,dermascope_v1,2025-10-12,0
derm_train_079,0,0,0.053,train,site_A,dermascope_v1,2025-10-12,0
derm_train_080,0,0,0.147,train,site_A,dermascope_v1,2025-10-12,0
derm_train_081,0,0,0.161,train,site_A,dermascope_v1,2025-10-12,0
derm_train_082,0,0,0.168,train,site_A,dermascope_v1,2025-10-12,0
derm_train_083,0,0,0.056,train,site_A,dermascope_v1,2025-10-12,0
derm_train_084,0,0,0.193,train,site_A,dermascope_v1,2025-10-12,0
derm_train_085,0,0,0.069,train,site_A,dermascope_v1,2025-10-12,0
derm_train_086,0,0,0.156,train,site_A,dermascope_v1,2025-10-12,0
derm_train_087,0,0,0.109,train,site_A,dermascope_v1,2025-10-12,0
derm_train_088,0,0,0.055,train,site_A,dermascope_v1,2025-10-12,0
derm_train_089,0,0,0.082,train,site_A,dermascope_v1,2025-10-12,0
derm_train_090,0,0,0.058,train,site_A,dermascope_v1,2025-10-12,0
derm_train_091,0,0,0.189,train,site_A,dermascope_v1,2025-10-12,0
derm_train_092,0,0,0.077,train,site_A,dermascope_v1,2025-10-12,0
derm_train_093,0,0,0.121,train,site_A,dermascope_v1,2025-10-12,0
derm_train_094,0,1,0.660,train,site_A,dermascope_v1,2025-10-12,1
derm_train_095,0,0,0.099,train,site_A,dermascope_v1,2025-10-12,0
derm_train_096,0,0,0.170,train,site_A,dermascope_v1,2025-10-12,0
derm_train_097,0,1,0.670,train,site_A,dermascope_v1,2025-10-12,1
derm_train_098,0,0,0.065,train,site_A,dermascope_v1,2025-10-12,0
derm_train_099,0,0,0.152,train,site_A,dermascope_v1,2025-10-12,0
derm_val_000,1,1,0.546,val,site_A,dermascope_v1,2025-11-04,0
derm_val_001,1,1,0.741,val,site_A,dermascope_v1,2025-11-04,0
derm_val_002,1,1,0.538,val,site_A,dermascope_v1,2025-11-04,1
derm_val_003,1,1,0.540,val,site_A,dermascope_v1,2025-11-04,0
derm_val_004,1,1,0.950,val,site_A,dermascope_v1,2025-11-04,0
derm_val_005,1,1,0.631,val,site_A,dermascope_v1,2025-11-04,0
derm_val_006,1,1,0.737,val,site_A,dermascope_v1,2025-11-04,0
derm_val_007,1,1,0.573,val,site_A,dermascope_v1,2025-11-04,1
derm_val_008,1,1,0.721,val,site_A,dermascope_v1,2025-11-04,0
derm_val_009,1,1,0.589,val,site_A,dermascope_v1,2025-11-04,0
derm_val_010,1,0,0.367,val,site_A,dermascope_v1,2025-11-04,0
derm_val_011,1,1,0.786,val,site_A,dermascope_v1,2025-11-04,1
derm_val_012,1,0,0.488,val,site_A,dermascope_v1,2025-11-04,0
derm_val_013,1,0,0.431,val,site_A,dermascope_v1,2025-11-04,0
derm_val_014,1,0,0.474,val,site_A,dermascope_v1,2025-11-04,0
derm_val_015,0,0,0.251,val,site_A,dermascope_v1,2025-11-04,0
derm_val_016,0,0,0.357,val,site_A,dermascope_v1,2025-11-04,0
derm_val_017,0,0,0.276,val,site_A,dermascope_v1,2025-11-04,0
derm_val_018,0,0,0.050,val,site_A,dermascope_v1,2025-11-04,0
derm_val_019,0,0,0.290,val,site_A,dermascope_v1,2025-11-04,0
derm_val_020,0,1,0.580,val,site_A,dermascope_v1,2025-11-04,0
derm_val_021,0,1,0.560,val,site_A,dermascope_v1,2025-11-04,0
derm_val_022,0,0,0.469,val,site_A,dermascope_v1,2025-11-04,0
derm_val_023,0,1,0.514,val,site_A,dermascope_v1,2025-11-04,1
derm_val_024,0,0,0.378,val,site_A,dermascope_v1,2025-11-04,1
derm_val_025,0,1,0.523,val,site_A,dermascope_v1,2025-11-04,1
derm_val_026,0,0,0.328,val,site_A,dermascope_v1,2025-11-04,0
derm_val_027,0,0,0.369,val,site_A,dermascope_v1,2025-11-04,1
derm_val_028,0,1,0.584,val,site_A,dermascope_v1,2025-11-04,0
derm_val_029,0,1,0.621,val,site_A,dermascope_v1,2025-11-04,0
derm_val_030,0,1,0.550,val,site_A,dermascope_v1,2025-11-04,0
derm_val_031,0,1,0.559,val,site_A,dermascope_v1,2025-11-04,0
derm_val_032,0,0,0.050,val,site_A,dermascope_v1,2025-11-04,0
derm_val_033,0,1,0.539,val,site_A,dermascope_v1,2025-11-04,0
derm_val_034,0,0,0.453,val,site_A,dermascope_v1,2025-11-04,0
derm_val_035,0,0,0.340,val,site_A,dermascope_v1,2025-11-04,0
derm_val_036,0,0,0.447,val,site_A,dermascope_v1,2025-11-04,0
derm_val_037,0,1,0.591,val,site_A,dermascope_v1,2025-11-04,0
derm_val_038,0,0,0.492,val,site_A,dermascope_v1,2025-11-04,0
derm_val_039,0,1,0.561,val,site_A,dermascope_v1,2025-11-04,0
derm_val_040,0,0,0.346,val,site_A,dermascope_v1,2025-11-04,0
derm_val_041,0,0,0.422,val,site_A,dermascope_v1,2025-11-04,0
derm_val_042,0,0,0.462,val,site_A,dermascope_v1,2025-11-04,1
derm_val_043,0,1,0.630,val,site_A,dermascope_v1,2025-11-04,0
derm_val_044,0,1,0.634,val,site_A,dermascope_v1,2025-11-04,1
derm_val_045,0,1,0.555,val,site_A,dermascope_v1,2025-11-04,0
derm_val_046,0,1,0.578,val,site_A,dermascope_v1,2025-11-04,0
derm_val_047,0,0,0.319,val,site_A,dermascope_v1,2025-11-04,0
derm_val_048,0,0,0.469,val,site_A,dermascope_v1,2025-11-04,0
derm_val_049,0,0,0.300,val,site_A,dermascope_v1,2025-11-04,0
derm_prod_000,1,0,0.394,production,site_B,mobile_sensor_v2,2026-01-15,0
derm_prod_001,1,0,0.376,production,site_B,mobile_sensor_v2,2026-01-15,0
derm_prod_002,1,0,0.302,production,site_B,mobile_sensor_v2,2026-01-15,0
derm_prod_003,1,0,0.420,production,site_B,mobile_sensor_v2,2026-01-15,0
derm_prod_004,1,0,0.309,production,site_B,mobile_sensor_v2,2026-01-15,0
derm_prod_005,1,0,0.385,production,site_B,mobile_sensor_v2,2026-01-15,0
derm_prod_006,1,1,0.880,production,site_B,mobile_sensor_v2,2026-01-15,1
derm_prod_007,1,0,0.267,production,site_B,mobile_sensor_v2,2026-01-15,0
derm_prod_008,1,0,0.379,production,site_B,mobile_sensor_v2,2026-01-15,0
derm_prod_009,1,0,0.321,production,site_B,mobile_sensor_v2,2026-01-15,0
derm_prod_010,1,0,0.252,production,site_B,mobile_sensor_v2,2026-01-15,0
derm_prod_011,1,0,0.305,production,site_B,mobile_sensor_v2,2026-01-15,0
derm_prod_012,1,0,0.414,production,site_B,mobile_sensor_v2,2026-01-15,0
derm_prod_013,1,0,0.283,production,site_B,mobile_sensor_v2,2026-01-15,0
derm_prod_014,1,0,0.300,production,site_B,mobile_sensor_v2,2026-01-15,0
derm_prod_015,0,0,0.316,production,site_B,mobile_sensor_v2,2026-01-15,0
derm_prod_016,0,0,0.185,production,site_B,mobile_sensor_v2,2026-01-15,0
derm_prod_017,0,0,0.280,production,site_B,mobile_sensor_v2,2026-01-15,0
derm_prod_018,0,0,0.153,production,site_B,mobile_sensor_v2,2026-01-15,0
derm_prod_019,0,0,0.238,production,site_B,mobile_sensor_v2,2026-01-15,0
derm_prod_020,0,0,0.212,production,site_B,mobile_sensor_v2,2026-01-15,0
derm_prod_021,0,0,0.247,production,site_B,mobile_sensor_v2,2026-01-15,0
derm_prod_022,0,0,0.335,production,site_B,mobile_sensor_v2,2026-01-15,0
derm_prod_023,0,0,0.309,production,site_B,mobile_sensor_v2,2026-01-15,0
derm_prod_024,0,0,0.176,production,site_B,mobile_sensor_v2,2026-01-15,0
derm_prod_025,0,0,0.161,production,site_B,mobile_sensor_v2,2026-01-15,0
derm_prod_026,0,0,0.200,production,site_B,mobile_sensor_v2,2026-01-15,0
derm_prod_027,0,0,0.169,production,site_B,mobile_sensor_v2,2026-01-15,0
derm_prod_028,0,0,0.306,production,site_B,mobile_sensor_v2,2026-01-15,0
derm_prod_029,0,0,0.211,production,site_B,mobile_sensor_v2,2026-01-15,1
derm_prod_030,0,0,0.135,production,site_B,mobile_sensor_v2,2026-01-15,0
derm_prod_031,0,0,0.185,production,site_B,mobile_sensor_v2,2026-01-15,0
derm_prod_032,0,0,0.313,production,site_B,mobile_sensor_v2,2026-01-15,0
derm_prod_033,0,0,0.173,production,site_B,mobile_sensor_v2,2026-01-15,0
derm_prod_034,0,0,0.108,production,site_B,mobile_sensor_v2,2026-01-15,0
derm_prod_035,0,0,0.116,production,site_B,mobile_sensor_v2,2026-01-15,1
derm_prod_036,0,0,0.125,production,site_B,mobile_sensor_v2,2026-01-15,0
derm_prod_037,0,0,0.325,production,site_B,mobile_sensor_v2,2026-01-15,0
derm_prod_038,0,0,0.115,production,site_B,mobile_sensor_v2,2026-01-15,0
derm_prod_039,0,0,0.329,production,site_B,mobile_sensor_v2,2026-01-15,0
derm_prod_040,0,0,0.305,production,site_B,mobile_sensor_v2,2026-01-15,0
derm_prod_041,0,0,0.194,production,site_B,mobile_sensor_v2,2026-01-15,0
derm_prod_042,0,0,0.141,production,site_B,mobile_sensor_v2,2026-01-15,0
derm_prod_043,0,0,0.282,production,site_B,mobile_sensor_v2,2026-01-15,0
derm_prod_044,0,0,0.106,production,site_B,mobile_sensor_v2,2026-01-15,0
derm_prod_045,0,0,0.139,production,site_B,mobile_sensor_v2,2026-01-15,0
derm_prod_046,0,0,0.143,production,site_B,mobile_sensor_v2,2026-01-15,1
derm_prod_047,0,0,0.104,production,site_B,mobile_sensor_v2,2026-01-15,0
derm_prod_048,0,0,0.128,production,site_B,mobile_sensor_v2,2026-01-15,0
derm_prod_049,0,0,0.233,production,site_B,mobile_sensor_v2,2026-01-15,0