patient_id,y_true,y_pred,y_probability,split,icu_unit,age_group,device_type,hospital_site,heart_rate,systolic_bp,lactate_level,bmi
PAT-00001,1,1,0.52,train,MICU,70+,Bedside_Telemetry,Site_A_Metro,95,100,N/A,22.5
PAT-00002,1,1,0.6,train,SICU,50-69,Mobile_Vitals,Site_B_Rural,96,99,N/A,23.3
PAT-00003,1,1,0.68,train,CCU,30-49,Central_Station,Site_A_Metro,97,98,N/A,24.1
PAT-00004,1,1,0.76,train,MICU,18-29,Bedside_Telemetry,Site_B_Rural,98,97,N/A,24.9
PAT-00005,1,1,0.84,train,SICU,70+,Mobile_Vitals,Site_A_Metro,99,96,N/A,25.7
PAT-00006,1,1,0.52,train,CCU,50-69,Central_Station,Site_B_Rural,100,95,N/A,26.5
PAT-00007,1,1,0.6,train,MICU,30-49,Bedside_Telemetry,Site_A_Metro,101,94,N/A,27.3
PAT-00008,1,1,0.68,train,SICU,18-29,Mobile_Vitals,Site_B_Rural,102,93,N/A,28.1
PAT-00009,1,1,0.76,train,CCU,70+,Central_Station,Site_A_Metro,103,92,N/A,28.9
PAT-00010,1,1,0.84,train,MICU,50-69,Bedside_Telemetry,Site_B_Rural,104,91,N/A,29.7
PAT-00011,1,1,0.52,train,SICU,30-49,Mobile_Vitals,Site_A_Metro,105,90,N/A,30.5
PAT-00012,1,1,0.6,train,CCU,18-29,Central_Station,Site_B_Rural,106,89,N/A,31.3
PAT-00013,1,1,0.68,train,MICU,70+,Bedside_Telemetry,Site_A_Metro,107,88,N/A,32.1
PAT-00014,1,1,0.76,train,SICU,50-69,Mobile_Vitals,Site_B_Rural,108,87,N/A,32.9
PAT-00015,1,1,0.84,train,CCU,30-49,Central_Station,Site_A_Metro,109,86,N/A,33.7
PAT-00016,1,1,0.52,train,MICU,18-29,Bedside_Telemetry,Site_B_Rural,110,85,N/A,22.5
PAT-00017,1,1,0.6,train,SICU,70+,Mobile_Vitals,Site_A_Metro,111,84,N/A,23.3
PAT-00018,1,1,0.68,train,CCU,50-69,Central_Station,Site_B_Rural,112,83,N/A,24.1
PAT-00019,1,1,0.76,train,MICU,30-49,Bedside_Telemetry,Site_A_Metro,113,82,N/A,24.9
PAT-00020,1,1,0.84,train,SICU,18-29,Mobile_Vitals,Site_B_Rural,114,81,N/A,25.7
PAT-00021,1,1,0.52,train,CCU,70+,Central_Station,Site_A_Metro,115,80,N/A,26.5
PAT-00022,1,1,0.6,train,MICU,50-69,Bedside_Telemetry,Site_B_Rural,116,79,N/A,27.3
PAT-00023,1,0,0.22,train,SICU,30-49,Mobile_Vitals,Site_A_Metro,117,78,N/A,28.1
PAT-00024,1,0,0.26,train,CCU,18-29,Central_Station,Site_B_Rural,118,77,N/A,28.9
PAT-00025,1,0,0.3,train,MICU,70+,Bedside_Telemetry,Site_A_Metro,119,76,N/A,29.7
PAT-00026,1,0,0.34,train,SICU,50-69,Mobile_Vitals,Site_B_Rural,120,75,N/A,30.5
PAT-00027,1,0,0.38,train,CCU,30-49,Central_Station,Site_A_Metro,121,74,N/A,31.3
PAT-00028,1,0,0.42,train,MICU,18-29,Bedside_Telemetry,Site_B_Rural,122,73,N/A,32.1
PAT-00029,1,0,0.18,train,SICU,70+,Mobile_Vitals,Site_A_Metro,123,72,N/A,32.9
PAT-00030,1,0,0.22,train,CCU,50-69,Central_Station,Site_B_Rural,124,71,N/A,33.7
PAT-00031,1,0,0.26,train,MICU,30-49,Bedside_Telemetry,Site_A_Metro,125,100,N/A,22.5
PAT-00032,1,0,0.3,train,SICU,18-29,Mobile_Vitals,Site_B_Rural,126,99,N/A,23.3
PAT-00033,1,0,0.34,train,CCU,70+,Central_Station,Site_A_Metro,127,98,N/A,24.1
PAT-00034,1,0,0.38,train,MICU,50-69,Bedside_Telemetry,Site_B_Rural,128,97,N/A,24.9
PAT-00035,1,0,0.42,train,SICU,30-49,Mobile_Vitals,Site_A_Metro,129,96,N/A,25.7
PAT-00036,1,0,0.18,train,CCU,18-29,Central_Station,Site_B_Rural,130,95,N/A,26.5
PAT-00037,1,0,0.22,train,MICU,70+,Bedside_Telemetry,Site_A_Metro,131,94,N/A,27.3
PAT-00038,1,0,0.26,train,SICU,50-69,Mobile_Vitals,Site_B_Rural,132,93,N/A,28.1
PAT-00039,1,0,0.3,train,CCU,30-49,Central_Station,Site_A_Metro,133,92,N/A,28.9
PAT-00040,1,0,0.34,train,MICU,18-29,Bedside_Telemetry,Site_B_Rural,134,91,N/A,29.7
PAT-00041,1,0,0.38,train,SICU,70+,Mobile_Vitals,Site_A_Metro,95,90,N/A,30.5
PAT-00042,1,0,0.42,train,CCU,50-69,Central_Station,Site_B_Rural,96,89,N/A,31.3
PAT-00043,1,0,0.18,train,MICU,30-49,Bedside_Telemetry,Site_A_Metro,97,88,N/A,32.1
PAT-00044,1,0,0.22,train,SICU,18-29,Mobile_Vitals,Site_B_Rural,98,87,N/A,32.9
PAT-00045,1,0,0.26,train,CCU,70+,Central_Station,Site_A_Metro,99,86,N/A,33.7
PAT-00046,1,0,0.3,train,MICU,50-69,Bedside_Telemetry,Site_B_Rural,100,85,N/A,22.5
PAT-00047,1,0,0.34,train,SICU,30-49,Mobile_Vitals,Site_A_Metro,101,84,N/A,23.3
PAT-00048,1,0,0.38,train,CCU,18-29,Central_Station,Site_B_Rural,102,83,N/A,24.1
PAT-00049,1,0,0.42,train,MICU,70+,Bedside_Telemetry,Site_A_Metro,103,82,N/A,24.9
PAT-00050,1,0,0.18,train,SICU,50-69,Mobile_Vitals,Site_B_Rural,104,81,N/A,25.7
PAT-00051,1,0,0.22,train,CCU,30-49,Central_Station,Site_A_Metro,105,80,N/A,26.5
PAT-00052,1,0,0.26,train,MICU,18-29,Bedside_Telemetry,Site_B_Rural,106,79,N/A,27.3
PAT-00053,1,0,0.3,train,SICU,70+,Mobile_Vitals,Site_A_Metro,107,78,N/A,28.1
PAT-00054,1,0,0.34,train,CCU,50-69,Central_Station,Site_B_Rural,108,77,N/A,28.9
PAT-00055,1,0,0.38,train,MICU,30-49,Bedside_Telemetry,Site_A_Metro,109,76,N/A,29.7
PAT-00056,1,0,0.42,train,SICU,18-29,Mobile_Vitals,Site_B_Rural,110,75,N/A,30.5
PAT-00057,1,0,0.18,train,CCU,70+,Central_Station,Site_A_Metro,111,74,N/A,31.3
PAT-00058,1,0,0.22,train,MICU,50-69,Bedside_Telemetry,Site_B_Rural,112,73,N/A,32.1
PAT-00059,1,0,0.26,train,SICU,30-49,Mobile_Vitals,Site_A_Metro,113,72,N/A,32.9
PAT-00060,1,0,0.3,train,CCU,18-29,Central_Station,Site_B_Rural,114,71,N/A,33.7
PAT-00061,1,0,0.34,train,MICU,70+,Bedside_Telemetry,Site_A_Metro,115,100,N/A,22.5
PAT-00062,1,0,0.38,train,SICU,50-69,Mobile_Vitals,Site_B_Rural,116,99,N/A,23.3
PAT-00063,1,0,0.42,train,CCU,30-49,Central_Station,Site_A_Metro,117,98,N/A,24.1
PAT-00064,1,0,0.18,train,MICU,18-29,Bedside_Telemetry,Site_B_Rural,118,97,N/A,24.9
PAT-00065,1,0,0.22,train,SICU,70+,Mobile_Vitals,Site_A_Metro,119,96,N/A,25.7
PAT-00066,1,0,0.26,train,CCU,50-69,Central_Station,Site_B_Rural,120,95,N/A,26.5
PAT-00067,1,0,0.3,train,MICU,30-49,Bedside_Telemetry,Site_A_Metro,121,94,N/A,27.3
PAT-00068,1,0,0.34,train,SICU,18-29,Mobile_Vitals,Site_B_Rural,122,93,N/A,28.1
PAT-00069,1,0,0.38,train,CCU,70+,Central_Station,Site_A_Metro,123,92,N/A,28.9
PAT-00070,1,0,0.42,train,MICU,50-69,Bedside_Telemetry,Site_B_Rural,124,91,N/A,29.7
PAT-00071,1,0,0.18,train,SICU,30-49,Mobile_Vitals,Site_A_Metro,125,90,N/A,30.5
PAT-00072,1,0,0.22,train,CCU,18-29,Central_Station,Site_B_Rural,126,89,N/A,31.3
PAT-00073,1,0,0.26,train,MICU,70+,Bedside_Telemetry,Site_A_Metro,127,88,N/A,32.1
PAT-00074,1,0,0.3,train,SICU,50-69,Mobile_Vitals,Site_B_Rural,128,87,N/A,32.9
PAT-00075,1,0,0.34,train,CCU,30-49,Central_Station,Site_A_Metro,129,86,N/A,33.7
PAT-00076,1,0,0.38,train,MICU,18-29,Bedside_Telemetry,Site_B_Rural,130,85,N/A,22.5
PAT-00077,1,0,0.42,train,SICU,70+,Mobile_Vitals,Site_A_Metro,131,84,N/A,23.3
PAT-00078,1,0,0.18,train,CCU,50-69,Central_Station,Site_B_Rural,132,83,N/A,24.1
PAT-00079,1,0,0.22,train,MICU,30-49,Bedside_Telemetry,Site_A_Metro,133,82,N/A,24.9
PAT-00080,1,0,0.26,train,SICU,18-29,Mobile_Vitals,Site_B_Rural,134,81,N/A,25.7
PAT-00081,1,0,0.3,train,CCU,70+,Central_Station,Site_A_Metro,95,80,N/A,26.5
PAT-00082,1,0,0.34,train,MICU,50-69,Bedside_Telemetry,Site_B_Rural,96,79,N/A,27.3
PAT-00083,1,0,0.38,train,SICU,30-49,Mobile_Vitals,Site_A_Metro,97,78,N/A,28.1
PAT-00084,1,0,0.42,train,CCU,18-29,Central_Station,Site_B_Rural,98,77,N/A,28.9
PAT-00085,1,0,0.18,train,MICU,70+,Bedside_Telemetry,Site_A_Metro,99,76,N/A,29.7
PAT-00086,0,0,0.17,train,SICU,50-69,Mobile_Vitals,Site_B_Rural,75,95,N/A,30.5
PAT-00087,0,0,0.2,train,CCU,30-49,Central_Station,Site_A_Metro,76,94,N/A,31.3
PAT-00088,0,0,0.23,train,MICU,18-29,Bedside_Telemetry,Site_B_Rural,77,93,N/A,32.1
PAT-00089,0,0,0.26,train,SICU,70+,Mobile_Vitals,Site_A_Metro,78,92,N/A,32.9
PAT-00090,0,0,0.29,train,CCU,50-69,Central_Station,Site_B_Rural,79,91,N/A,33.7
PAT-00091,0,0,0.02,train,MICU,30-49,Bedside_Telemetry,Site_A_Metro,80,120,N/A,22.5
PAT-00092,0,0,0.05,train,SICU,18-29,Mobile_Vitals,Site_B_Rural,81,119,N/A,23.3
PAT-00093,0,0,0.08,train,CCU,70+,Central_Station,Site_A_Metro,82,118,N/A,24.1
PAT-00094,0,0,0.11,train,MICU,50-69,Bedside_Telemetry,Site_B_Rural,83,117,N/A,24.9
PAT-00095,0,0,0.14,train,SICU,30-49,Mobile_Vitals,Site_A_Metro,84,116,N/A,25.7
PAT-00096,0,0,0.17,train,CCU,18-29,Central_Station,Site_B_Rural,85,115,N/A,26.5
PAT-00097,0,0,0.2,train,MICU,70+,Bedside_Telemetry,Site_A_Metro,86,114,N/A,27.3
PAT-00098,0,0,0.23,train,SICU,50-69,Mobile_Vitals,Site_B_Rural,87,113,N/A,28.1
PAT-00099,0,0,0.26,train,CCU,30-49,Central_Station,Site_A_Metro,88,112,N/A,28.9
PAT-00100,0,0,0.29,train,MICU,18-29,Bedside_Telemetry,Site_B_Rural,89,111,N/A,29.7
PAT-00101,0,1,0.58,train,SICU,70+,Mobile_Vitals,Site_A_Metro,90,110,N/A,30.5
PAT-00102,0,0,0.05,train,CCU,50-69,Central_Station,Site_B_Rural,91,109,N/A,31.3
PAT-00103,0,0,0.08,train,MICU,30-49,Bedside_Telemetry,Site_A_Metro,92,108,N/A,32.1
PAT-00104,0,0,0.11,train,SICU,18-29,Mobile_Vitals,Site_B_Rural,93,107,N/A,32.9
PAT-00105,0,0,0.14,train,CCU,70+,Central_Station,Site_A_Metro,94,106,N/A,33.7
PAT-00106,0,0,0.17,train,MICU,50-69,Bedside_Telemetry,Site_B_Rural,95,105,N/A,22.5
PAT-00107,0,0,0.2,train,SICU,30-49,Mobile_Vitals,Site_A_Metro,96,104,N/A,23.3
PAT-00108,0,0,0.23,train,CCU,18-29,Central_Station,Site_B_Rural,97,103,N/A,24.1
PAT-00109,0,0,0.26,train,MICU,70+,Bedside_Telemetry,Site_A_Metro,98,102,N/A,24.9
PAT-00110,0,0,0.29,train,SICU,50-69,Mobile_Vitals,Site_B_Rural,99,101,N/A,25.7
PAT-00111,0,0,0.02,train,CCU,30-49,Central_Station,Site_A_Metro,100,100,N/A,26.5
PAT-00112,0,0,0.05,train,MICU,18-29,Bedside_Telemetry,Site_B_Rural,101,99,N/A,27.3
PAT-00113,0,0,0.08,train,SICU,70+,Mobile_Vitals,Site_A_Metro,102,98,N/A,28.1
PAT-00114,0,0,0.11,train,CCU,50-69,Central_Station,Site_B_Rural,103,97,N/A,28.9
PAT-00115,0,0,0.14,train,MICU,30-49,Bedside_Telemetry,Site_A_Metro,104,96,N/A,29.7
PAT-00116,0,0,0.17,train,SICU,18-29,Mobile_Vitals,Site_B_Rural,105,95,N/A,30.5
PAT-00117,0,0,0.2,train,CCU,70+,Central_Station,Site_A_Metro,106,94,N/A,31.3
PAT-00118,0,0,0.23,train,MICU,50-69,Bedside_Telemetry,Site_B_Rural,107,93,N/A,32.1
PAT-00119,0,0,0.26,train,SICU,30-49,Mobile_Vitals,Site_A_Metro,108,92,N/A,32.9
PAT-00120,0,0,0.29,train,CCU,18-29,Central_Station,Site_B_Rural,109,91,N/A,33.7
PAT-00121,0,0,0.02,train,MICU,70+,Bedside_Telemetry,Site_A_Metro,70,120,1.2,
PAT-00122,0,0,0.05,train,SICU,50-69,Mobile_Vitals,Site_B_Rural,71,119,1.4,
PAT-00123,0,0,0.08,train,CCU,30-49,Central_Station,Site_A_Metro,72,118,1.6,
PAT-00124,0,0,0.11,train,MICU,18-29,Bedside_Telemetry,Site_B_Rural,73,117,1.8,
PAT-00125,0,0,0.14,train,SICU,70+,Mobile_Vitals,Site_A_Metro,74,116,2.0,
PAT-00126,0,1,0.58,train,CCU,50-69,Central_Station,Site_B_Rural,75,115,2.2,
PAT-00127,0,0,0.2,train,MICU,30-49,Bedside_Telemetry,Site_A_Metro,76,114,2.4,
PAT-00128,0,0,0.23,train,SICU,18-29,Mobile_Vitals,Site_B_Rural,77,113,2.6,
PAT-00129,0,0,0.26,train,CCU,70+,Central_Station,Site_A_Metro,78,112,2.8,
PAT-00130,0,0,0.29,train,MICU,50-69,Bedside_Telemetry,Site_B_Rural,79,111,3.0,
PAT-00131,0,0,0.02,train,SICU,30-49,Mobile_Vitals,Site_A_Metro,80,110,3.2,
PAT-00132,0,0,0.05,train,CCU,18-29,Central_Station,Site_B_Rural,81,109,3.4,
PAT-00133,0,0,0.08,train,MICU,70+,Bedside_Telemetry,Site_A_Metro,82,108,3.6,
PAT-00134,0,0,0.11,train,SICU,50-69,Mobile_Vitals,Site_B_Rural,83,107,3.8,
PAT-00135,0,0,0.14,train,CCU,30-49,Central_Station,Site_A_Metro,84,106,4.0,
PAT-00136,0,0,0.17,train,MICU,18-29,Bedside_Telemetry,Site_B_Rural,85,105,4.2,
PAT-00137,0,0,0.2,train,SICU,70+,Mobile_Vitals,Site_A_Metro,86,104,4.4,
PAT-00138,0,0,0.23,train,CCU,50-69,Central_Station,Site_B_Rural,87,103,4.6,
PAT-00139,0,0,0.26,train,MICU,30-49,Bedside_Telemetry,Site_A_Metro,88,102,4.8,
PAT-00140,0,0,0.29,train,SICU,18-29,Mobile_Vitals,Site_B_Rural,89,101,5.0,
PAT-00141,0,0,0.02,train,CCU,70+,Central_Station,Site_A_Metro,90,100,1.2,
PAT-00142,0,0,0.05,train,MICU,50-69,Bedside_Telemetry,Site_B_Rural,91,99,1.4,
PAT-00143,0,0,0.08,train,SICU,30-49,Mobile_Vitals,Site_A_Metro,92,98,1.6,
PAT-00144,0,0,0.11,train,CCU,18-29,Central_Station,Site_B_Rural,93,97,1.8,
PAT-00145,0,0,0.14,train,MICU,70+,Bedside_Telemetry,Site_A_Metro,94,96,2.0,
PAT-00146,0,0,0.17,train,SICU,50-69,Mobile_Vitals,Site_B_Rural,95,95,2.2,
PAT-00147,0,0,0.2,train,CCU,30-49,Central_Station,Site_A_Metro,96,94,2.4,
PAT-00148,0,0,0.23,train,MICU,18-29,Bedside_Telemetry,Site_B_Rural,97,93,2.6,
PAT-00149,0,0,0.26,train,SICU,70+,Mobile_Vitals,Site_A_Metro,98,92,2.8,
PAT-00150,0,0,0.29,train,CCU,50-69,Central_Station,Site_B_Rural,99,91,3.0,
PAT-00151,0,1,0.58,train,MICU,30-49,Bedside_Telemetry,Site_A_Metro,100,120,3.2,
PAT-00152,0,0,0.05,train,SICU,18-29,Mobile_Vitals,Site_B_Rural,101,119,3.4,
PAT-00153,0,0,0.08,train,CCU,70+,Central_Station,Site_A_Metro,102,118,3.6,
PAT-00154,0,0,0.11,train,MICU,50-69,Bedside_Telemetry,Site_B_Rural,103,117,3.8,
PAT-00155,0,0,0.14,train,SICU,30-49,Mobile_Vitals,Site_A_Metro,104,116,4.0,
PAT-00156,0,0,0.17,train,CCU,18-29,Central_Station,Site_B_Rural,105,115,4.2,
PAT-00157,0,0,0.2,train,MICU,70+,Bedside_Telemetry,Site_A_Metro,106,114,4.4,
PAT-00158,0,0,0.23,train,SICU,50-69,Mobile_Vitals,Site_B_Rural,107,113,4.6,
PAT-00159,0,0,0.26,train,CCU,30-49,Central_Station,Site_A_Metro,108,112,4.8,
PAT-00160,0,0,0.29,train,MICU,18-29,Bedside_Telemetry,Site_B_Rural,109,111,5.0,
PAT-00161,0,0,0.02,train,SICU,70+,Mobile_Vitals,Site_A_Metro,70,110,1.2,30.5
PAT-00162,0,0,0.05,train,CCU,50-69,Central_Station,Site_B_Rural,71,109,1.4,31.3
PAT-00163,0,0,0.08,train,MICU,30-49,Bedside_Telemetry,Site_A_Metro,72,108,1.6,32.1
PAT-00164,0,0,0.11,train,SICU,18-29,Mobile_Vitals,Site_B_Rural,73,107,1.8,32.9
PAT-00165,0,0,0.14,train,CCU,70+,Central_Station,Site_A_Metro,74,106,2.0,33.7
PAT-00166,0,0,0.17,train,MICU,50-69,Bedside_Telemetry,Site_B_Rural,75,105,2.2,22.5
PAT-00167,0,0,0.2,train,SICU,30-49,Mobile_Vitals,Site_A_Metro,76,104,2.4,23.3
PAT-00168,0,0,0.23,train,CCU,18-29,Central_Station,Site_B_Rural,77,103,2.6,24.1
PAT-00169,0,0,0.26,train,MICU,70+,Bedside_Telemetry,Site_A_Metro,78,102,2.8,24.9
PAT-00170,0,0,0.29,train,SICU,50-69,Mobile_Vitals,Site_B_Rural,79,101,3.0,25.7
PAT-00171,0,0,0.02,train,CCU,30-49,Central_Station,Site_A_Metro,80,100,3.2,26.5
PAT-00172,0,0,0.05,train,MICU,18-29,Bedside_Telemetry,Site_B_Rural,81,99,3.4,27.3
PAT-00173,0,0,0.08,train,SICU,70+,Mobile_Vitals,Site_A_Metro,82,98,3.6,28.1
PAT-00174,0,0,0.11,train,CCU,50-69,Central_Station,Site_B_Rural,83,97,3.8,28.9
PAT-00175,0,0,0.14,train,MICU,30-49,Bedside_Telemetry,Site_A_Metro,84,96,4.0,29.7
PAT-00176,0,1,0.58,train,SICU,18-29,Mobile_Vitals,Site_B_Rural,85,95,4.2,30.5
PAT-00177,0,0,0.2,train,CCU,70+,Central_Station,Site_A_Metro,86,94,4.4,31.3
PAT-00178,0,0,0.23,train,MICU,50-69,Bedside_Telemetry,Site_B_Rural,87,93,4.6,32.1
PAT-00179,0,0,0.26,train,SICU,30-49,Mobile_Vitals,Site_A_Metro,88,92,4.8,32.9
PAT-00180,0,0,0.29,train,CCU,18-29,Central_Station,Site_B_Rural,89,91,5.0,33.7
PAT-00181,0,0,0.02,train,MICU,70+,Bedside_Telemetry,Site_A_Metro,90,120,1.2,22.5
PAT-00182,0,0,0.05,train,SICU,50-69,Mobile_Vitals,Site_B_Rural,91,119,1.4,23.3
PAT-00183,0,0,0.08,train,CCU,30-49,Central_Station,Site_A_Metro,92,118,1.6,24.1
PAT-00184,0,0,0.11,train,MICU,18-29,Bedside_Telemetry,Site_B_Rural,93,117,1.8,24.9
PAT-00185,0,0,0.14,train,SICU,70+,Mobile_Vitals,Site_A_Metro,94,116,2.0,25.7
PAT-00186,0,0,0.17,train,CCU,50-69,Central_Station,Site_B_Rural,95,115,2.2,26.5
PAT-00187,0,0,0.2,train,MICU,30-49,Bedside_Telemetry,Site_A_Metro,96,114,2.4,27.3
PAT-00188,0,0,0.23,train,SICU,18-29,Mobile_Vitals,Site_B_Rural,97,113,2.6,28.1
PAT-00189,0,0,0.26,train,CCU,70+,Central_Station,Site_A_Metro,98,112,2.8,28.9
PAT-00190,0,0,0.29,train,MICU,50-69,Bedside_Telemetry,Site_B_Rural,99,111,3.0,29.7
PAT-00191,0,0,0.02,train,SICU,30-49,Mobile_Vitals,Site_A_Metro,100,110,3.2,30.5
PAT-00192,0,0,0.05,train,CCU,18-29,Central_Station,Site_B_Rural,101,109,3.4,31.3
PAT-00193,0,0,0.08,train,MICU,70+,Bedside_Telemetry,Site_A_Metro,102,108,3.6,32.1
PAT-00194,0,0,0.11,train,SICU,50-69,Mobile_Vitals,Site_B_Rural,103,107,3.8,32.9
PAT-00195,0,0,0.14,train,CCU,30-49,Central_Station,Site_A_Metro,104,106,4.0,33.7
PAT-00196,0,0,0.17,train,MICU,18-29,Bedside_Telemetry,Site_B_Rural,105,105,4.2,22.5
PAT-00197,0,0,0.2,train,SICU,70+,Mobile_Vitals,Site_A_Metro,106,104,4.4,23.3
PAT-00198,0,0,0.23,train,CCU,50-69,Central_Station,Site_B_Rural,107,103,4.6,24.1
PAT-00199,0,0,0.26,train,MICU,30-49,Bedside_Telemetry,Site_A_Metro,108,102,4.8,24.9
PAT-00200,0,0,0.29,train,SICU,18-29,Mobile_Vitals,Site_B_Rural,109,101,5.0,25.7
PAT-00201,0,1,0.58,train,CCU,70+,Central_Station,Site_A_Metro,70,100,1.2,26.5
PAT-00202,0,0,0.05,train,MICU,50-69,Bedside_Telemetry,Site_B_Rural,71,99,1.4,27.3
PAT-00203,0,0,0.08,train,SICU,30-49,Mobile_Vitals,Site_A_Metro,72,98,1.6,28.1
PAT-00204,0,0,0.11,train,CCU,18-29,Central_Station,Site_B_Rural,73,97,1.8,28.9
PAT-00205,0,0,0.14,train,MICU,70+,Bedside_Telemetry,Site_A_Metro,74,96,2.0,29.7
PAT-00206,0,0,0.17,train,SICU,50-69,Mobile_Vitals,Site_B_Rural,75,95,2.2,30.5
PAT-00207,0,0,0.2,train,CCU,30-49,Central_Station,Site_A_Metro,76,94,2.4,31.3
PAT-00208,0,0,0.23,train,MICU,18-29,Bedside_Telemetry,Site_B_Rural,77,93,2.6,32.1
PAT-00209,0,0,0.26,train,SICU,70+,Mobile_Vitals,Site_A_Metro,78,92,2.8,32.9
PAT-00210,0,0,0.29,train,CCU,50-69,Central_Station,Site_B_Rural,79,91,3.0,33.7
PAT-00211,0,0,0.02,train,MICU,30-49,Bedside_Telemetry,Site_A_Metro,80,120,3.2,22.5
PAT-00212,0,0,0.05,train,SICU,18-29,Mobile_Vitals,Site_B_Rural,81,119,3.4,23.3
PAT-00213,0,0,0.08,train,CCU,70+,Central_Station,Site_A_Metro,82,118,3.6,24.1
PAT-00214,0,0,0.11,train,MICU,50-69,Bedside_Telemetry,Site_B_Rural,83,117,3.8,24.9
PAT-00215,0,0,0.14,train,SICU,30-49,Mobile_Vitals,Site_A_Metro,84,116,4.0,25.7
PAT-00216,0,0,0.17,train,CCU,18-29,Central_Station,Site_B_Rural,85,115,4.2,26.5
PAT-00217,0,0,0.2,train,MICU,70+,Bedside_Telemetry,Site_A_Metro,86,114,4.4,27.3
PAT-00218,0,0,0.23,train,SICU,50-69,Mobile_Vitals,Site_B_Rural,87,113,4.6,28.1
PAT-00219,0,0,0.26,train,CCU,30-49,Central_Station,Site_A_Metro,88,112,4.8,28.9
PAT-00220,0,0,0.29,train,MICU,18-29,Bedside_Telemetry,Site_B_Rural,89,111,5.0,29.7
PAT-00221,0,0,0.02,train,SICU,70+,Mobile_Vitals,Site_A_Metro,90,110,1.2,30.5
PAT-00222,0,0,0.05,train,CCU,50-69,Central_Station,Site_B_Rural,91,109,1.4,31.3
PAT-00223,0,0,0.08,train,MICU,30-49,Bedside_Telemetry,Site_A_Metro,92,108,1.6,32.1
PAT-00224,0,0,0.11,train,SICU,18-29,Mobile_Vitals,Site_B_Rural,93,107,1.8,32.9
PAT-00225,0,0,0.14,train,CCU,70+,Central_Station,Site_A_Metro,94,106,2.0,33.7
PAT-00226,0,1,0.58,train,MICU,50-69,Bedside_Telemetry,Site_B_Rural,95,105,2.2,22.5
PAT-00227,0,0,0.2,train,SICU,30-49,Mobile_Vitals,Site_A_Metro,96,104,2.4,23.3
PAT-00228,0,0,0.23,train,CCU,18-29,Central_Station,Site_B_Rural,97,103,2.6,24.1
PAT-00229,0,0,0.26,train,MICU,70+,Bedside_Telemetry,Site_A_Metro,98,102,2.8,24.9
PAT-00230,0,0,0.29,train,SICU,50-69,Mobile_Vitals,Site_B_Rural,99,101,3.0,25.7
PAT-00231,0,0,0.02,train,CCU,30-49,Central_Station,Site_A_Metro,100,100,3.2,26.5
PAT-00232,0,0,0.05,train,MICU,18-29,Bedside_Telemetry,Site_B_Rural,101,99,3.4,27.3
PAT-00233,0,0,0.08,train,SICU,70+,Mobile_Vitals,Site_A_Metro,102,98,3.6,28.1
PAT-00234,0,0,0.11,train,CCU,50-69,Central_Station,Site_B_Rural,103,97,3.8,28.9
PAT-00235,0,0,0.14,train,MICU,30-49,Bedside_Telemetry,Site_A_Metro,104,96,4.0,29.7
PAT-00236,0,0,0.17,train,SICU,18-29,Mobile_Vitals,Site_B_Rural,105,95,4.2,30.5
PAT-00237,0,0,0.2,train,CCU,70+,Central_Station,Site_A_Metro,106,94,4.4,31.3
PAT-00238,0,0,0.23,train,MICU,50-69,Bedside_Telemetry,Site_B_Rural,107,93,4.6,32.1
PAT-00239,0,0,0.26,train,SICU,30-49,Mobile_Vitals,Site_A_Metro,108,92,4.8,32.9
PAT-00240,0,0,0.29,train,CCU,18-29,Central_Station,Site_B_Rural,109,91,5.0,33.7
PAT-00241,0,0,0.02,train,MICU,70+,Bedside_Telemetry,Site_A_Metro,70,120,1.2,22.5
PAT-00242,0,0,0.05,train,SICU,50-69,Mobile_Vitals,Site_B_Rural,71,119,1.4,23.3
PAT-00243,0,0,0.08,train,CCU,30-49,Central_Station,Site_A_Metro,72,118,1.6,24.1
PAT-00244,0,0,0.11,train,MICU,18-29,Bedside_Telemetry,Site_B_Rural,73,117,1.8,24.9
PAT-00245,0,0,0.14,train,SICU,70+,Mobile_Vitals,Site_A_Metro,74,116,2.0,25.7
PAT-00246,0,0,0.17,train,CCU,50-69,Central_Station,Site_B_Rural,75,115,2.2,26.5
PAT-00247,0,0,0.2,train,MICU,30-49,Bedside_Telemetry,Site_A_Metro,76,114,2.4,27.3
PAT-00248,0,0,0.23,train,SICU,18-29,Mobile_Vitals,Site_B_Rural,77,113,2.6,28.1
PAT-00249,0,0,0.26,train,CCU,70+,Central_Station,Site_A_Metro,78,112,2.8,28.9
PAT-00250,0,0,0.29,train,MICU,50-69,Bedside_Telemetry,Site_B_Rural,79,111,3.0,29.7
PAT-00251,0,1,0.58,train,SICU,30-49,Mobile_Vitals,Site_A_Metro,80,110,3.2,30.5
PAT-00252,0,0,0.05,train,CCU,18-29,Central_Station,Site_B_Rural,81,109,3.4,31.3
PAT-00253,0,0,0.08,train,MICU,70+,Bedside_Telemetry,Site_A_Metro,82,108,3.6,32.1
PAT-00254,0,0,0.11,train,SICU,50-69,Mobile_Vitals,Site_B_Rural,83,107,3.8,32.9
PAT-00255,0,0,0.14,train,CCU,30-49,Central_Station,Site_A_Metro,84,106,4.0,33.7
PAT-00256,0,0,0.17,train,MICU,18-29,Bedside_Telemetry,Site_B_Rural,85,105,4.2,22.5
PAT-00257,0,0,0.2,train,SICU,70+,Mobile_Vitals,Site_A_Metro,86,104,4.4,23.3
PAT-00258,0,0,0.23,train,CCU,50-69,Central_Station,Site_B_Rural,87,103,4.6,24.1
PAT-00259,0,0,0.26,train,MICU,30-49,Bedside_Telemetry,Site_A_Metro,88,102,4.8,24.9
PAT-00260,0,0,0.29,train,SICU,18-29,Mobile_Vitals,Site_B_Rural,89,101,5.0,25.7
PAT-00261,0,0,0.02,train,CCU,70+,Central_Station,Site_A_Metro,90,100,1.2,26.5
PAT-00262,0,0,0.05,train,MICU,50-69,Bedside_Telemetry,Site_B_Rural,91,99,1.4,27.3
PAT-00263,0,0,0.08,train,SICU,30-49,Mobile_Vitals,Site_A_Metro,92,98,1.6,28.1
PAT-00264,0,0,0.11,train,CCU,18-29,Central_Station,Site_B_Rural,93,97,1.8,28.9
PAT-00265,0,0,0.14,train,MICU,70+,Bedside_Telemetry,Site_A_Metro,94,96,2.0,29.7
PAT-00266,0,0,0.17,train,SICU,50-69,Mobile_Vitals,Site_B_Rural,95,95,2.2,30.5
PAT-00267,0,0,0.2,train,CCU,30-49,Central_Station,Site_A_Metro,96,94,2.4,31.3
PAT-00268,0,0,0.23,train,MICU,18-29,Bedside_Telemetry,Site_B_Rural,97,93,2.6,32.1
PAT-00269,0,0,0.26,train,SICU,70+,Mobile_Vitals,Site_A_Metro,98,92,2.8,32.9
PAT-00270,0,0,0.29,train,CCU,50-69,Central_Station,Site_B_Rural,99,91,3.0,33.7
PAT-00271,0,0,0.02,train,MICU,30-49,Bedside_Telemetry,Site_A_Metro,100,120,3.2,22.5
PAT-00272,0,0,0.05,train,SICU,18-29,Mobile_Vitals,Site_B_Rural,101,119,3.4,23.3
PAT-00273,0,0,0.08,train,CCU,70+,Central_Station,Site_A_Metro,102,118,3.6,24.1
PAT-00274,0,0,0.11,train,MICU,50-69,Bedside_Telemetry,Site_B_Rural,103,117,3.8,24.9
PAT-00275,0,0,0.14,train,SICU,30-49,Mobile_Vitals,Site_A_Metro,104,116,4.0,25.7
PAT-00276,0,1,0.58,train,CCU,18-29,Central_Station,Site_B_Rural,105,115,4.2,26.5
PAT-00277,0,0,0.2,train,MICU,70+,Bedside_Telemetry,Site_A_Metro,106,114,4.4,27.3
PAT-00278,0,0,0.23,train,SICU,50-69,Mobile_Vitals,Site_B_Rural,107,113,4.6,28.1
PAT-00279,0,0,0.26,train,CCU,30-49,Central_Station,Site_A_Metro,108,112,4.8,28.9
PAT-00280,0,0,0.29,train,MICU,18-29,Bedside_Telemetry,Site_B_Rural,109,111,5.0,29.7
PAT-00281,0,0,0.02,train,SICU,70+,Mobile_Vitals,Site_A_Metro,70,110,1.2,30.5
PAT-00282,0,0,0.05,train,CCU,50-69,Central_Station,Site_B_Rural,71,109,1.4,31.3
PAT-00283,0,0,0.08,train,MICU,30-49,Bedside_Telemetry,Site_A_Metro,72,108,1.6,32.1
PAT-00284,0,0,0.11,train,SICU,18-29,Mobile_Vitals,Site_B_Rural,73,107,1.8,32.9
PAT-00285,0,0,0.14,train,CCU,70+,Central_Station,Site_A_Metro,74,106,2.0,33.7
PAT-00286,0,0,0.17,train,MICU,50-69,Bedside_Telemetry,Site_B_Rural,75,105,2.2,22.5
PAT-00287,0,0,0.2,train,SICU,30-49,Mobile_Vitals,Site_A_Metro,76,104,2.4,23.3
PAT-00288,0,0,0.23,train,CCU,18-29,Central_Station,Site_B_Rural,77,103,2.6,24.1
PAT-00289,0,0,0.26,train,MICU,70+,Bedside_Telemetry,Site_A_Metro,78,102,2.8,24.9
PAT-00290,0,0,0.29,train,SICU,50-69,Mobile_Vitals,Site_B_Rural,79,101,3.0,25.7
PAT-00291,0,0,0.02,train,CCU,30-49,Central_Station,Site_A_Metro,80,100,3.2,26.5
PAT-00292,0,0,0.05,train,MICU,18-29,Bedside_Telemetry,Site_B_Rural,81,99,3.4,27.3
PAT-00293,0,0,0.08,train,SICU,70+,Mobile_Vitals,Site_A_Metro,82,98,3.6,28.1
PAT-00294,0,0,0.11,train,CCU,50-69,Central_Station,Site_B_Rural,83,97,3.8,28.9
PAT-00295,0,0,0.14,train,MICU,30-49,Bedside_Telemetry,Site_A_Metro,84,96,4.0,29.7
PAT-00296,0,0,0.17,train,SICU,18-29,Mobile_Vitals,Site_B_Rural,85,95,4.2,30.5
PAT-00297,0,0,0.2,train,CCU,70+,Central_Station,Site_A_Metro,86,94,4.4,31.3
PAT-00298,0,0,0.23,train,MICU,50-69,Bedside_Telemetry,Site_B_Rural,87,93,4.6,32.1
PAT-00299,0,0,0.26,train,SICU,30-49,Mobile_Vitals,Site_A_Metro,88,92,4.8,32.9
PAT-00300,0,0,0.29,train,CCU,18-29,Central_Station,Site_B_Rural,89,91,5.0,33.7
PAT-00301,0,1,0.58,train,MICU,70+,Bedside_Telemetry,Site_A_Metro,90,120,1.2,22.5
PAT-00302,0,0,0.05,train,SICU,50-69,Mobile_Vitals,Site_B_Rural,91,119,1.4,23.3
PAT-00303,0,0,0.08,train,CCU,30-49,Central_Station,Site_A_Metro,92,118,1.6,24.1
PAT-00304,0,0,0.11,train,MICU,18-29,Bedside_Telemetry,Site_B_Rural,93,117,1.8,24.9
PAT-00305,0,0,0.14,train,SICU,70+,Mobile_Vitals,Site_A_Metro,94,116,2.0,25.7
PAT-00306,0,0,0.17,train,CCU,50-69,Central_Station,Site_B_Rural,95,115,2.2,26.5
PAT-00307,0,0,0.2,train,MICU,30-49,Bedside_Telemetry,Site_A_Metro,96,114,2.4,27.3
PAT-00308,0,0,0.23,train,SICU,18-29,Mobile_Vitals,Site_B_Rural,97,113,2.6,28.1
PAT-00309,0,0,0.26,train,CCU,70+,Central_Station,Site_A_Metro,98,112,2.8,28.9
PAT-00310,0,0,0.29,train,MICU,50-69,Bedside_Telemetry,Site_B_Rural,99,111,3.0,29.7
PAT-00311,0,0,0.02,train,SICU,30-49,Mobile_Vitals,Site_A_Metro,100,110,3.2,30.5
PAT-00312,0,0,0.05,train,CCU,18-29,Central_Station,Site_B_Rural,101,109,3.4,31.3
PAT-00313,0,0,0.08,train,MICU,70+,Bedside_Telemetry,Site_A_Metro,102,108,3.6,32.1
PAT-00314,0,0,0.11,train,SICU,50-69,Mobile_Vitals,Site_B_Rural,103,107,3.8,32.9
PAT-00315,0,0,0.14,train,CCU,30-49,Central_Station,Site_A_Metro,104,106,4.0,33.7
PAT-00316,0,0,0.17,train,MICU,18-29,Bedside_Telemetry,Site_B_Rural,105,105,4.2,22.5
PAT-00317,0,0,0.2,train,SICU,70+,Mobile_Vitals,Site_A_Metro,106,104,4.4,23.3
PAT-00318,0,0,0.23,train,CCU,50-69,Central_Station,Site_B_Rural,107,103,4.6,24.1
PAT-00319,0,0,0.26,train,MICU,30-49,Bedside_Telemetry,Site_A_Metro,108,102,4.8,24.9
PAT-00320,0,0,0.29,train,SICU,18-29,Mobile_Vitals,Site_B_Rural,109,101,5.0,25.7
PAT-00321,0,0,0.02,train,CCU,70+,Central_Station,Site_A_Metro,70,100,1.2,26.5
PAT-00322,0,0,0.05,train,MICU,50-69,Bedside_Telemetry,Site_B_Rural,71,99,1.4,27.3
PAT-00323,0,0,0.08,train,SICU,30-49,Mobile_Vitals,Site_A_Metro,72,98,1.6,28.1
PAT-00324,0,0,0.11,train,CCU,18-29,Central_Station,Site_B_Rural,73,97,1.8,28.9
PAT-00325,0,0,0.14,train,MICU,70+,Bedside_Telemetry,Site_A_Metro,74,96,2.0,29.7
PAT-00326,0,1,0.58,train,SICU,50-69,Mobile_Vitals,Site_B_Rural,75,95,2.2,30.5
PAT-00327,0,0,0.2,train,CCU,30-49,Central_Station,Site_A_Metro,76,94,2.4,31.3
PAT-00328,0,0,0.23,train,MICU,18-29,Bedside_Telemetry,Site_B_Rural,77,93,2.6,32.1
PAT-00329,0,0,0.26,train,SICU,70+,Mobile_Vitals,Site_A_Metro,78,92,2.8,32.9
PAT-00330,0,0,0.29,train,CCU,50-69,Central_Station,Site_B_Rural,79,91,3.0,33.7
PAT-00331,0,0,0.02,train,MICU,30-49,Bedside_Telemetry,Site_A_Metro,80,120,3.2,22.5
PAT-00332,0,0,0.05,train,SICU,18-29,Mobile_Vitals,Site_B_Rural,81,119,3.4,23.3
PAT-00333,0,0,0.08,train,CCU,70+,Central_Station,Site_A_Metro,82,118,3.6,24.1
PAT-00334,0,0,0.11,train,MICU,50-69,Bedside_Telemetry,Site_B_Rural,83,117,3.8,24.9
PAT-00335,0,0,0.14,train,SICU,30-49,Mobile_Vitals,Site_A_Metro,84,116,4.0,25.7
PAT-00336,0,0,0.17,train,CCU,18-29,Central_Station,Site_B_Rural,85,115,4.2,26.5
PAT-00337,0,0,0.2,train,MICU,70+,Bedside_Telemetry,Site_A_Metro,86,114,4.4,27.3
PAT-00338,0,0,0.23,train,SICU,50-69,Mobile_Vitals,Site_B_Rural,87,113,4.6,28.1
PAT-00339,0,0,0.26,train,CCU,30-49,Central_Station,Site_A_Metro,88,112,4.8,28.9
PAT-00340,0,0,0.29,train,MICU,18-29,Bedside_Telemetry,Site_B_Rural,89,111,5.0,29.7
PAT-00341,0,0,0.02,train,SICU,70+,Mobile_Vitals,Site_A_Metro,90,110,1.2,30.5
PAT-00342,0,0,0.05,train,CCU,50-69,Central_Station,Site_B_Rural,91,109,1.4,31.3
PAT-00343,0,0,0.08,train,MICU,30-49,Bedside_Telemetry,Site_A_Metro,92,108,1.6,32.1
PAT-00344,0,0,0.11,train,SICU,18-29,Mobile_Vitals,Site_B_Rural,93,107,1.8,32.9
PAT-00345,0,0,0.14,train,CCU,70+,Central_Station,Site_A_Metro,94,106,2.0,33.7
PAT-00346,0,0,0.17,train,MICU,50-69,Bedside_Telemetry,Site_B_Rural,95,105,2.2,22.5
PAT-00347,0,0,0.2,train,SICU,30-49,Mobile_Vitals,Site_A_Metro,96,104,2.4,23.3
PAT-00348,0,0,0.23,train,CCU,18-29,Central_Station,Site_B_Rural,97,103,2.6,24.1
PAT-00349,0,0,0.26,train,MICU,70+,Bedside_Telemetry,Site_A_Metro,98,102,2.8,24.9
PAT-00350,0,0,0.29,train,SICU,50-69,Mobile_Vitals,Site_B_Rural,99,101,3.0,25.7
PAT-00351,0,1,0.58,train,CCU,30-49,Central_Station,Site_A_Metro,100,100,3.2,26.5
PAT-00352,0,0,0.05,train,MICU,18-29,Bedside_Telemetry,Site_B_Rural,101,99,3.4,27.3
PAT-00353,0,0,0.08,train,SICU,70+,Mobile_Vitals,Site_A_Metro,102,98,3.6,28.1
PAT-00354,0,0,0.11,train,CCU,50-69,Central_Station,Site_B_Rural,103,97,3.8,28.9
PAT-00355,0,0,0.14,train,MICU,30-49,Bedside_Telemetry,Site_A_Metro,104,96,4.0,29.7
PAT-00356,0,0,0.17,train,SICU,18-29,Mobile_Vitals,Site_B_Rural,105,95,4.2,30.5
PAT-00357,0,0,0.2,train,CCU,70+,Central_Station,Site_A_Metro,106,94,4.4,31.3
PAT-00358,0,0,0.23,train,MICU,50-69,Bedside_Telemetry,Site_B_Rural,107,93,4.6,32.1
PAT-00359,0,0,0.26,train,SICU,30-49,Mobile_Vitals,Site_A_Metro,108,92,4.8,32.9
PAT-00360,0,0,0.29,train,CCU,18-29,Central_Station,Site_B_Rural,109,91,5.0,33.7
PAT-00361,0,0,0.02,train,MICU,70+,Bedside_Telemetry,Site_A_Metro,70,120,1.2,22.5
PAT-00362,0,0,0.05,train,SICU,50-69,Mobile_Vitals,Site_B_Rural,71,119,1.4,23.3
PAT-00363,0,0,0.08,train,CCU,30-49,Central_Station,Site_A_Metro,72,118,1.6,24.1
PAT-00364,0,0,0.11,train,MICU,18-29,Bedside_Telemetry,Site_B_Rural,73,117,1.8,24.9
PAT-00365,0,0,0.14,train,SICU,70+,Mobile_Vitals,Site_A_Metro,74,116,2.0,25.7
PAT-00366,0,0,0.17,train,CCU,50-69,Central_Station,Site_B_Rural,75,115,2.2,26.5
PAT-00367,0,0,0.2,train,MICU,30-49,Bedside_Telemetry,Site_A_Metro,76,114,2.4,27.3
PAT-00368,0,0,0.23,train,SICU,18-29,Mobile_Vitals,Site_B_Rural,77,113,2.6,28.1
PAT-00369,0,0,0.26,train,CCU,70+,Central_Station,Site_A_Metro,78,112,2.8,28.9
PAT-00370,0,0,0.29,train,MICU,50-69,Bedside_Telemetry,Site_B_Rural,79,111,3.0,29.7
PAT-00371,0,0,0.02,train,SICU,30-49,Mobile_Vitals,Site_A_Metro,80,110,3.2,30.5
PAT-00372,0,0,0.05,train,CCU,18-29,Central_Station,Site_B_Rural,81,109,3.4,31.3
PAT-00373,0,0,0.08,train,MICU,70+,Bedside_Telemetry,Site_A_Metro,82,108,3.6,32.1
PAT-00374,0,0,0.11,train,SICU,50-69,Mobile_Vitals,Site_B_Rural,83,107,3.8,32.9
PAT-00375,0,0,0.14,train,CCU,30-49,Central_Station,Site_A_Metro,84,106,4.0,33.7
PAT-00376,0,1,0.58,train,MICU,18-29,Bedside_Telemetry,Site_B_Rural,85,105,4.2,22.5
PAT-00377,0,0,0.2,train,SICU,70+,Mobile_Vitals,Site_A_Metro,86,104,4.4,23.3
PAT-00378,0,0,0.23,train,CCU,50-69,Central_Station,Site_B_Rural,87,103,4.6,24.1
PAT-00379,0,0,0.26,train,MICU,30-49,Bedside_Telemetry,Site_A_Metro,88,102,4.8,24.9
PAT-00380,0,0,0.29,train,SICU,18-29,Mobile_Vitals,Site_B_Rural,89,101,5.0,25.7
PAT-00381,0,0,0.02,train,CCU,70+,Central_Station,Site_A_Metro,90,100,1.2,26.5
PAT-00382,0,0,0.05,train,MICU,50-69,Bedside_Telemetry,Site_B_Rural,91,99,1.4,27.3
PAT-00383,0,0,0.08,train,SICU,30-49,Mobile_Vitals,Site_A_Metro,92,98,1.6,28.1
PAT-00384,0,0,0.11,train,CCU,18-29,Central_Station,Site_B_Rural,93,97,1.8,28.9
PAT-00385,0,0,0.14,train,MICU,70+,Bedside_Telemetry,Site_A_Metro,94,96,2.0,29.7
PAT-00386,0,0,0.17,train,SICU,50-69,Mobile_Vitals,Site_B_Rural,95,95,2.2,30.5
PAT-00387,0,0,0.2,train,CCU,30-49,Central_Station,Site_A_Metro,96,94,2.4,31.3
PAT-00388,0,0,0.23,train,MICU,18-29,Bedside_Telemetry,Site_B_Rural,97,93,2.6,32.1
PAT-00389,0,0,0.26,train,SICU,70+,Mobile_Vitals,Site_A_Metro,98,92,2.8,32.9
PAT-00390,0,0,0.29,train,CCU,50-69,Central_Station,Site_B_Rural,99,91,3.0,33.7
PAT-00391,0,0,0.02,train,MICU,30-49,Bedside_Telemetry,Site_A_Metro,100,120,3.2,22.5
PAT-00392,0,0,0.05,train,SICU,18-29,Mobile_Vitals,Site_B_Rural,101,119,3.4,23.3
PAT-00393,0,0,0.08,train,CCU,70+,Central_Station,Site_A_Metro,102,118,3.6,24.1
PAT-00394,0,0,0.11,train,MICU,50-69,Bedside_Telemetry,Site_B_Rural,103,117,3.8,24.9
PAT-00395,0,0,0.14,train,SICU,30-49,Mobile_Vitals,Site_A_Metro,104,116,4.0,25.7
PAT-00396,0,0,0.17,train,CCU,18-29,Central_Station,Site_B_Rural,105,115,4.2,26.5
PAT-00397,0,0,0.2,train,MICU,70+,Bedside_Telemetry,Site_A_Metro,106,114,4.4,27.3
PAT-00398,0,0,0.23,train,SICU,50-69,Mobile_Vitals,Site_B_Rural,107,113,4.6,28.1
PAT-00399,0,0,0.26,train,CCU,30-49,Central_Station,Site_A_Metro,108,112,4.8,28.9
PAT-00400,0,0,0.29,train,MICU,18-29,Bedside_Telemetry,Site_B_Rural,109,111,5.0,29.7
PAT-00401,0,1,0.58,train,SICU,70+,Mobile_Vitals,Site_A_Metro,70,110,1.2,30.5
PAT-00402,0,0,0.05,train,CCU,50-69,Central_Station,Site_B_Rural,71,109,1.4,31.3
PAT-00403,0,0,0.08,train,MICU,30-49,Bedside_Telemetry,Site_A_Metro,72,108,1.6,32.1
PAT-00404,0,0,0.11,train,SICU,18-29,Mobile_Vitals,Site_B_Rural,73,107,1.8,32.9
PAT-00405,0,0,0.14,train,CCU,70+,Central_Station,Site_A_Metro,74,106,2.0,33.7
PAT-00406,0,0,0.17,train,MICU,50-69,Bedside_Telemetry,Site_B_Rural,75,105,2.2,22.5
PAT-00407,0,0,0.2,train,SICU,30-49,Mobile_Vitals,Site_A_Metro,76,104,2.4,23.3
PAT-00408,0,0,0.23,train,CCU,18-29,Central_Station,Site_B_Rural,77,103,2.6,24.1
PAT-00409,0,0,0.26,train,MICU,70+,Bedside_Telemetry,Site_A_Metro,78,102,2.8,24.9
PAT-00410,0,0,0.29,train,SICU,50-69,Mobile_Vitals,Site_B_Rural,79,101,3.0,25.7
PAT-00411,0,0,0.02,train,CCU,30-49,Central_Station,Site_A_Metro,80,100,3.2,26.5
PAT-00412,0,0,0.05,train,MICU,18-29,Bedside_Telemetry,Site_B_Rural,81,99,3.4,27.3
PAT-00413,0,0,0.08,train,SICU,70+,Mobile_Vitals,Site_A_Metro,82,98,3.6,28.1
PAT-00414,0,0,0.11,train,CCU,50-69,Central_Station,Site_B_Rural,83,97,3.8,28.9
PAT-00415,0,0,0.14,train,MICU,30-49,Bedside_Telemetry,Site_A_Metro,84,96,4.0,29.7
PAT-00416,0,0,0.17,train,SICU,18-29,Mobile_Vitals,Site_B_Rural,85,95,4.2,30.5
PAT-00417,0,0,0.2,train,CCU,70+,Central_Station,Site_A_Metro,86,94,4.4,31.3
PAT-00418,0,0,0.23,train,MICU,50-69,Bedside_Telemetry,Site_B_Rural,87,93,4.6,32.1
PAT-00419,0,0,0.26,train,SICU,30-49,Mobile_Vitals,Site_A_Metro,88,92,4.8,32.9
PAT-00420,0,0,0.29,train,CCU,18-29,Central_Station,Site_B_Rural,89,91,5.0,33.7
PAT-00421,0,0,0.02,train,MICU,70+,Bedside_Telemetry,Site_A_Metro,90,120,1.2,22.5
PAT-00422,0,0,0.05,train,SICU,50-69,Mobile_Vitals,Site_B_Rural,91,119,1.4,23.3
PAT-00423,0,0,0.08,train,CCU,30-49,Central_Station,Site_A_Metro,92,118,1.6,24.1
PAT-00424,0,0,0.11,train,MICU,18-29,Bedside_Telemetry,Site_B_Rural,93,117,1.8,24.9
PAT-00425,0,0,0.14,train,SICU,70+,Mobile_Vitals,Site_A_Metro,94,116,2.0,25.7
PAT-00426,0,1,0.58,train,CCU,50-69,Central_Station,Site_B_Rural,95,115,2.2,26.5
PAT-00427,0,0,0.2,train,MICU,30-49,Bedside_Telemetry,Site_A_Metro,96,114,2.4,27.3
PAT-00428,0,0,0.23,train,SICU,18-29,Mobile_Vitals,Site_B_Rural,97,113,2.6,28.1
PAT-00429,0,0,0.26,train,CCU,70+,Central_Station,Site_A_Metro,98,112,2.8,28.9
PAT-00430,0,0,0.29,train,MICU,50-69,Bedside_Telemetry,Site_B_Rural,99,111,3.0,29.7
PAT-00431,0,0,0.02,train,SICU,30-49,Mobile_Vitals,Site_A_Metro,100,110,3.2,30.5
PAT-00432,0,0,0.05,train,CCU,18-29,Central_Station,Site_B_Rural,101,109,3.4,31.3
PAT-00433,0,0,0.08,train,MICU,70+,Bedside_Telemetry,Site_A_Metro,102,108,3.6,32.1
PAT-00434,0,0,0.11,train,SICU,50-69,Mobile_Vitals,Site_B_Rural,103,107,3.8,32.9
PAT-00435,0,0,0.14,train,CCU,30-49,Central_Station,Site_A_Metro,104,106,4.0,33.7
PAT-00436,0,0,0.17,train,MICU,18-29,Bedside_Telemetry,Site_B_Rural,105,105,4.2,22.5
PAT-00437,0,0,0.2,train,SICU,70+,Mobile_Vitals,Site_A_Metro,106,104,4.4,23.3
PAT-00438,0,0,0.23,train,CCU,50-69,Central_Station,Site_B_Rural,107,103,4.6,24.1
PAT-00439,0,0,0.26,train,MICU,30-49,Bedside_Telemetry,Site_A_Metro,108,102,4.8,24.9
PAT-00440,0,0,0.29,train,SICU,18-29,Mobile_Vitals,Site_B_Rural,109,101,5.0,25.7
PAT-00441,0,0,0.02,train,CCU,70+,Central_Station,Site_A_Metro,70,100,1.2,26.5
PAT-00442,0,0,0.05,train,MICU,50-69,Bedside_Telemetry,Site_B_Rural,71,99,1.4,27.3
PAT-00443,0,0,0.08,train,SICU,30-49,Mobile_Vitals,Site_A_Metro,72,98,1.6,28.1
PAT-00444,0,0,0.11,train,CCU,18-29,Central_Station,Site_B_Rural,73,97,1.8,28.9
PAT-00445,0,0,0.14,train,MICU,70+,Bedside_Telemetry,Site_A_Metro,74,96,2.0,29.7
PAT-00446,0,0,0.17,train,SICU,50-69,Mobile_Vitals,Site_B_Rural,75,95,2.2,30.5
PAT-00447,0,0,0.2,train,CCU,30-49,Central_Station,Site_A_Metro,76,94,2.4,31.3
PAT-00448,0,0,0.23,train,MICU,18-29,Bedside_Telemetry,Site_B_Rural,77,93,2.6,32.1
PAT-00449,0,0,0.26,train,SICU,70+,Mobile_Vitals,Site_A_Metro,78,92,2.8,32.9
PAT-00450,0,0,0.29,train,CCU,50-69,Central_Station,Site_B_Rural,79,91,3.0,33.7
PAT-00451,0,1,0.58,train,MICU,30-49,Bedside_Telemetry,Site_A_Metro,80,120,3.2,22.5
PAT-00452,0,0,0.05,train,SICU,18-29,Mobile_Vitals,Site_B_Rural,81,119,3.4,23.3
PAT-00453,0,0,0.08,train,CCU,70+,Central_Station,Site_A_Metro,82,118,3.6,24.1
PAT-00454,0,0,0.11,train,MICU,50-69,Bedside_Telemetry,Site_B_Rural,83,117,3.8,24.9
PAT-00455,0,0,0.14,train,SICU,30-49,Mobile_Vitals,Site_A_Metro,84,116,4.0,25.7
PAT-00456,0,0,0.17,train,CCU,18-29,Central_Station,Site_B_Rural,85,115,4.2,26.5
PAT-00457,0,0,0.2,train,MICU,70+,Bedside_Telemetry,Site_A_Metro,86,114,4.4,27.3
PAT-00458,0,0,0.23,train,SICU,50-69,Mobile_Vitals,Site_B_Rural,87,113,4.6,28.1
PAT-00459,0,0,0.26,train,CCU,30-49,Central_Station,Site_A_Metro,88,112,4.8,28.9
PAT-00460,0,0,0.29,train,MICU,18-29,Bedside_Telemetry,Site_B_Rural,89,111,5.0,29.7
PAT-00461,0,0,0.02,train,SICU,70+,Mobile_Vitals,Site_A_Metro,90,110,1.2,30.5
PAT-00462,0,0,0.05,train,CCU,50-69,Central_Station,Site_B_Rural,91,109,1.4,31.3
PAT-00463,0,0,0.08,train,MICU,30-49,Bedside_Telemetry,Site_A_Metro,92,108,1.6,32.1
PAT-00464,0,0,0.11,train,SICU,18-29,Mobile_Vitals,Site_B_Rural,93,107,1.8,32.9
PAT-00465,0,0,0.14,train,CCU,70+,Central_Station,Site_A_Metro,94,106,2.0,33.7
PAT-00466,0,0,0.17,train,MICU,50-69,Bedside_Telemetry,Site_B_Rural,95,105,2.2,22.5
PAT-00467,0,0,0.2,train,SICU,30-49,Mobile_Vitals,Site_A_Metro,96,104,2.4,23.3
PAT-00468,0,0,0.23,train,CCU,18-29,Central_Station,Site_B_Rural,97,103,2.6,24.1
PAT-00469,0,0,0.26,train,MICU,70+,Bedside_Telemetry,Site_A_Metro,98,102,2.8,24.9
PAT-00470,0,0,0.29,train,SICU,50-69,Mobile_Vitals,Site_B_Rural,99,101,3.0,25.7
PAT-00471,0,0,0.02,train,CCU,30-49,Central_Station,Site_A_Metro,100,100,3.2,26.5
PAT-00472,0,0,0.05,train,MICU,18-29,Bedside_Telemetry,Site_B_Rural,101,99,3.4,27.3
PAT-00473,0,0,0.08,train,SICU,70+,Mobile_Vitals,Site_A_Metro,102,98,3.6,28.1
PAT-00474,0,0,0.11,train,CCU,50-69,Central_Station,Site_B_Rural,103,97,3.8,28.9
PAT-00475,0,0,0.14,train,MICU,30-49,Bedside_Telemetry,Site_A_Metro,104,96,4.0,29.7
PAT-00476,0,1,0.58,train,SICU,18-29,Mobile_Vitals,Site_B_Rural,105,95,4.2,30.5
PAT-00477,0,0,0.2,train,CCU,70+,Central_Station,Site_A_Metro,106,94,4.4,31.3
PAT-00478,0,0,0.23,train,MICU,50-69,Bedside_Telemetry,Site_B_Rural,107,93,4.6,32.1
PAT-00479,0,0,0.26,train,SICU,30-49,Mobile_Vitals,Site_A_Metro,108,92,4.8,32.9
PAT-00480,0,0,0.29,train,CCU,18-29,Central_Station,Site_B_Rural,109,91,5.0,33.7
PAT-00481,0,0,0.02,train,MICU,70+,Bedside_Telemetry,Site_A_Metro,70,120,1.2,22.5
PAT-00482,0,0,0.05,train,SICU,50-69,Mobile_Vitals,Site_B_Rural,71,119,1.4,23.3
PAT-00483,0,0,0.08,train,CCU,30-49,Central_Station,Site_A_Metro,72,118,1.6,24.1
PAT-00484,0,0,0.11,train,MICU,18-29,Bedside_Telemetry,Site_B_Rural,73,117,1.8,24.9
PAT-00485,0,0,0.14,train,SICU,70+,Mobile_Vitals,Site_A_Metro,74,116,2.0,25.7
PAT-00486,0,0,0.17,train,CCU,50-69,Central_Station,Site_B_Rural,75,115,2.2,26.5
PAT-00487,0,0,0.2,train,MICU,30-49,Bedside_Telemetry,Site_A_Metro,76,114,2.4,27.3
PAT-00488,0,0,0.23,train,SICU,18-29,Mobile_Vitals,Site_B_Rural,77,113,2.6,28.1
PAT-00489,0,0,0.26,train,CCU,70+,Central_Station,Site_A_Metro,78,112,2.8,28.9
PAT-00490,0,0,0.29,train,MICU,50-69,Bedside_Telemetry,Site_B_Rural,79,111,3.0,29.7
PAT-00491,0,0,0.02,train,SICU,30-49,Mobile_Vitals,Site_A_Metro,80,110,3.2,30.5
PAT-00492,0,0,0.05,train,CCU,18-29,Central_Station,Site_B_Rural,81,109,3.4,31.3
PAT-00493,0,0,0.08,train,MICU,70+,Bedside_Telemetry,Site_A_Metro,82,108,3.6,32.1
PAT-00494,0,0,0.11,train,SICU,50-69,Mobile_Vitals,Site_B_Rural,83,107,3.8,32.9
PAT-00495,0,0,0.14,train,CCU,30-49,Central_Station,Site_A_Metro,84,106,4.0,33.7
PAT-00496,0,0,0.17,train,MICU,18-29,Bedside_Telemetry,Site_B_Rural,85,105,4.2,22.5
PAT-00497,0,0,0.2,train,SICU,70+,Mobile_Vitals,Site_A_Metro,86,104,4.4,23.3
PAT-00498,0,0,0.23,train,CCU,50-69,Central_Station,Site_B_Rural,87,103,4.6,24.1
PAT-00499,0,0,0.26,train,MICU,30-49,Bedside_Telemetry,Site_A_Metro,88,102,4.8,24.9
PAT-00500,0,0,0.29,train,SICU,18-29,Mobile_Vitals,Site_B_Rural,89,101,5.0,25.7
PAT-00501,0,1,0.58,train,CCU,70+,Central_Station,Site_A_Metro,90,100,1.2,26.5
PAT-00502,0,0,0.05,train,MICU,50-69,Bedside_Telemetry,Site_B_Rural,91,99,1.4,27.3
PAT-00503,0,0,0.08,train,SICU,30-49,Mobile_Vitals,Site_A_Metro,92,98,1.6,28.1
PAT-00504,0,0,0.11,train,CCU,18-29,Central_Station,Site_B_Rural,93,97,1.8,28.9
PAT-00505,0,0,0.14,train,MICU,70+,Bedside_Telemetry,Site_A_Metro,94,96,2.0,29.7
PAT-00506,0,0,0.17,train,SICU,50-69,Mobile_Vitals,Site_B_Rural,95,95,2.2,30.5
PAT-00507,0,0,0.2,train,CCU,30-49,Central_Station,Site_A_Metro,96,94,2.4,31.3
PAT-00508,0,0,0.23,train,MICU,18-29,Bedside_Telemetry,Site_B_Rural,97,93,2.6,32.1
PAT-00509,0,0,0.26,train,SICU,70+,Mobile_Vitals,Site_A_Metro,98,92,2.8,32.9
PAT-00510,0,0,0.29,train,CCU,50-69,Central_Station,Site_B_Rural,99,91,3.0,33.7
PAT-00511,0,0,0.02,train,MICU,30-49,Bedside_Telemetry,Site_A_Metro,100,120,3.2,22.5
PAT-00512,0,0,0.05,train,SICU,18-29,Mobile_Vitals,Site_B_Rural,101,119,3.4,23.3
PAT-00513,0,0,0.08,train,CCU,70+,Central_Station,Site_A_Metro,102,118,3.6,24.1
PAT-00514,0,0,0.11,train,MICU,50-69,Bedside_Telemetry,Site_B_Rural,103,117,3.8,24.9
PAT-00515,0,0,0.14,train,SICU,30-49,Mobile_Vitals,Site_A_Metro,104,116,4.0,25.7
PAT-00516,0,0,0.17,train,CCU,18-29,Central_Station,Site_B_Rural,105,115,4.2,26.5
PAT-00517,0,0,0.2,train,MICU,70+,Bedside_Telemetry,Site_A_Metro,106,114,4.4,27.3
PAT-00518,0,0,0.23,train,SICU,50-69,Mobile_Vitals,Site_B_Rural,107,113,4.6,28.1
PAT-00519,0,0,0.26,train,CCU,30-49,Central_Station,Site_A_Metro,108,112,4.8,28.9
PAT-00520,0,0,0.29,train,MICU,18-29,Bedside_Telemetry,Site_B_Rural,109,111,5.0,29.7
PAT-00521,0,0,0.02,train,SICU,70+,Mobile_Vitals,Site_A_Metro,70,110,1.2,30.5
PAT-00522,0,0,0.05,train,CCU,50-69,Central_Station,Site_B_Rural,71,109,1.4,31.3
PAT-00523,0,0,0.08,train,MICU,30-49,Bedside_Telemetry,Site_A_Metro,72,108,1.6,32.1
PAT-00524,0,0,0.11,train,SICU,18-29,Mobile_Vitals,Site_B_Rural,73,107,1.8,32.9
PAT-00525,0,0,0.14,train,CCU,70+,Central_Station,Site_A_Metro,74,106,2.0,33.7
PAT-00526,0,1,0.58,train,MICU,50-69,Bedside_Telemetry,Site_B_Rural,75,105,2.2,22.5
PAT-00527,0,0,0.2,train,SICU,30-49,Mobile_Vitals,Site_A_Metro,76,104,2.4,23.3
PAT-00528,0,0,0.23,train,CCU,18-29,Central_Station,Site_B_Rural,77,103,2.6,24.1
PAT-00529,0,0,0.26,train,MICU,70+,Bedside_Telemetry,Site_A_Metro,78,102,2.8,24.9
PAT-00530,0,0,0.29,train,SICU,50-69,Mobile_Vitals,Site_B_Rural,79,101,3.0,25.7
PAT-00531,0,0,0.02,train,CCU,30-49,Central_Station,Site_A_Metro,80,100,3.2,26.5
PAT-00532,0,0,0.05,train,MICU,18-29,Bedside_Telemetry,Site_B_Rural,81,99,3.4,27.3
PAT-00533,0,0,0.08,train,SICU,70+,Mobile_Vitals,Site_A_Metro,82,98,3.6,28.1
PAT-00534,0,0,0.11,train,CCU,50-69,Central_Station,Site_B_Rural,83,97,3.8,28.9
PAT-00535,0,0,0.14,train,MICU,30-49,Bedside_Telemetry,Site_A_Metro,84,96,4.0,29.7
PAT-00536,0,0,0.17,train,SICU,18-29,Mobile_Vitals,Site_B_Rural,85,95,4.2,30.5
PAT-00537,0,0,0.2,train,CCU,70+,Central_Station,Site_A_Metro,86,94,4.4,31.3
PAT-00538,0,0,0.23,train,MICU,50-69,Bedside_Telemetry,Site_B_Rural,87,93,4.6,32.1
PAT-00539,0,0,0.26,train,SICU,30-49,Mobile_Vitals,Site_A_Metro,88,92,4.8,32.9
PAT-00540,0,0,0.29,train,CCU,18-29,Central_Station,Site_B_Rural,89,91,5.0,33.7
PAT-00541,0,0,0.02,train,MICU,70+,Bedside_Telemetry,Site_A_Metro,90,120,1.2,22.5
PAT-00542,0,0,0.05,train,SICU,50-69,Mobile_Vitals,Site_B_Rural,91,119,1.4,23.3
PAT-00543,0,0,0.08,train,CCU,30-49,Central_Station,Site_A_Metro,92,118,1.6,24.1
PAT-00544,0,0,0.11,train,MICU,18-29,Bedside_Telemetry,Site_B_Rural,93,117,1.8,24.9
PAT-00545,0,0,0.14,train,SICU,70+,Mobile_Vitals,Site_A_Metro,94,116,2.0,25.7
PAT-00546,0,0,0.17,train,CCU,50-69,Central_Station,Site_B_Rural,95,115,2.2,26.5
PAT-00547,0,0,0.2,train,MICU,30-49,Bedside_Telemetry,Site_A_Metro,96,114,2.4,27.3
PAT-00548,0,0,0.23,train,SICU,18-29,Mobile_Vitals,Site_B_Rural,97,113,2.6,28.1
PAT-00549,0,0,0.26,train,CCU,70+,Central_Station,Site_A_Metro,98,112,2.8,28.9
PAT-00550,0,0,0.29,train,MICU,50-69,Bedside_Telemetry,Site_B_Rural,99,111,3.0,29.7
PAT-00551,0,1,0.58,train,SICU,30-49,Mobile_Vitals,Site_A_Metro,100,110,3.2,30.5
PAT-00552,0,0,0.05,train,CCU,18-29,Central_Station,Site_B_Rural,101,109,3.4,31.3
PAT-00553,0,0,0.08,train,MICU,70+,Bedside_Telemetry,Site_A_Metro,102,108,3.6,32.1
PAT-00554,0,0,0.11,train,SICU,50-69,Mobile_Vitals,Site_B_Rural,103,107,3.8,32.9
PAT-00555,0,0,0.14,train,CCU,30-49,Central_Station,Site_A_Metro,104,106,4.0,33.7
PAT-00556,0,0,0.17,train,MICU,18-29,Bedside_Telemetry,Site_B_Rural,105,105,4.2,22.5
PAT-00557,0,0,0.2,train,SICU,70+,Mobile_Vitals,Site_A_Metro,106,104,4.4,23.3
PAT-00558,0,0,0.23,train,CCU,50-69,Central_Station,Site_B_Rural,107,103,4.6,24.1
PAT-00559,0,0,0.26,train,MICU,30-49,Bedside_Telemetry,Site_A_Metro,108,102,4.8,24.9
PAT-00560,0,0,0.29,train,SICU,18-29,Mobile_Vitals,Site_B_Rural,109,101,5.0,25.7
PAT-00561,0,0,0.02,train,CCU,70+,Central_Station,Site_A_Metro,70,100,1.2,26.5
PAT-00562,0,0,0.05,train,MICU,50-69,Bedside_Telemetry,Site_B_Rural,71,99,1.4,27.3
PAT-00563,0,0,0.08,train,SICU,30-49,Mobile_Vitals,Site_A_Metro,72,98,1.6,28.1
PAT-00564,0,0,0.11,train,CCU,18-29,Central_Station,Site_B_Rural,73,97,1.8,28.9
PAT-00565,0,0,0.14,train,MICU,70+,Bedside_Telemetry,Site_A_Metro,74,96,2.0,29.7
PAT-00566,0,0,0.17,train,SICU,50-69,Mobile_Vitals,Site_B_Rural,75,95,2.2,30.5
PAT-00567,0,0,0.2,train,CCU,30-49,Central_Station,Site_A_Metro,76,94,2.4,31.3
PAT-00568,0,0,0.23,train,MICU,18-29,Bedside_Telemetry,Site_B_Rural,77,93,2.6,32.1
PAT-00569,0,0,0.26,train,SICU,70+,Mobile_Vitals,Site_A_Metro,78,92,2.8,32.9
PAT-00570,0,0,0.29,train,CCU,50-69,Central_Station,Site_B_Rural,79,91,3.0,33.7
PAT-00571,0,0,0.02,train,MICU,30-49,Bedside_Telemetry,Site_A_Metro,80,120,3.2,22.5
PAT-00572,0,0,0.05,train,SICU,18-29,Mobile_Vitals,Site_B_Rural,81,119,3.4,23.3
PAT-00573,0,0,0.08,train,CCU,70+,Central_Station,Site_A_Metro,82,118,3.6,24.1
PAT-00574,0,0,0.11,train,MICU,50-69,Bedside_Telemetry,Site_B_Rural,83,117,3.8,24.9
PAT-00575,0,0,0.14,train,SICU,30-49,Mobile_Vitals,Site_A_Metro,84,116,4.0,25.7
PAT-00576,0,1,0.58,train,CCU,18-29,Central_Station,Site_B_Rural,85,115,4.2,26.5
PAT-00577,0,0,0.2,train,MICU,70+,Bedside_Telemetry,Site_A_Metro,86,114,4.4,27.3
PAT-00578,0,0,0.23,train,SICU,50-69,Mobile_Vitals,Site_B_Rural,87,113,4.6,28.1
PAT-00579,0,0,0.26,train,CCU,30-49,Central_Station,Site_A_Metro,88,112,4.8,28.9
PAT-00580,0,0,0.29,train,MICU,18-29,Bedside_Telemetry,Site_B_Rural,89,111,5.0,29.7
PAT-00581,0,0,0.02,train,SICU,70+,Mobile_Vitals,Site_A_Metro,90,110,1.2,30.5
PAT-00582,0,0,0.05,train,CCU,50-69,Central_Station,Site_B_Rural,91,109,1.4,31.3
PAT-00583,0,0,0.08,train,MICU,30-49,Bedside_Telemetry,Site_A_Metro,92,108,1.6,32.1
PAT-00584,0,0,0.11,train,SICU,18-29,Mobile_Vitals,Site_B_Rural,93,107,1.8,32.9
PAT-00585,0,0,0.14,train,CCU,70+,Central_Station,Site_A_Metro,94,106,2.0,33.7
PAT-00586,0,0,0.17,train,MICU,50-69,Bedside_Telemetry,Site_B_Rural,95,105,2.2,22.5
PAT-00587,0,0,0.2,train,SICU,30-49,Mobile_Vitals,Site_A_Metro,96,104,2.4,23.3
PAT-00588,0,0,0.23,train,CCU,18-29,Central_Station,Site_B_Rural,97,103,2.6,24.1
PAT-00589,0,0,0.26,train,MICU,70+,Bedside_Telemetry,Site_A_Metro,98,102,2.8,24.9
PAT-00590,0,0,0.29,train,SICU,50-69,Mobile_Vitals,Site_B_Rural,99,101,3.0,25.7
PAT-00591,0,0,0.02,train,CCU,30-49,Central_Station,Site_A_Metro,100,100,3.2,26.5
PAT-00592,0,0,0.05,train,MICU,18-29,Bedside_Telemetry,Site_B_Rural,101,99,3.4,27.3
PAT-00593,0,0,0.08,train,SICU,70+,Mobile_Vitals,Site_A_Metro,102,98,3.6,28.1
PAT-00594,0,0,0.11,train,CCU,50-69,Central_Station,Site_B_Rural,103,97,3.8,28.9
PAT-00595,0,0,0.14,train,MICU,30-49,Bedside_Telemetry,Site_A_Metro,104,96,4.0,29.7
PAT-00596,0,0,0.17,train,SICU,18-29,Mobile_Vitals,Site_B_Rural,105,95,4.2,30.5
PAT-00597,0,0,0.2,train,CCU,70+,Central_Station,Site_A_Metro,106,94,4.4,31.3
PAT-00598,0,0,0.23,train,MICU,50-69,Bedside_Telemetry,Site_B_Rural,107,93,4.6,32.1
PAT-00599,0,0,0.26,train,SICU,30-49,Mobile_Vitals,Site_A_Metro,108,92,4.8,32.9
PAT-00600,0,0,0.29,train,CCU,18-29,Central_Station,Site_B_Rural,109,91,5.0,33.7
PAT-00601,0,1,0.58,val,MICU,70+,Bedside_Telemetry,Site_A_Metro,70,120,1.2,22.5
PAT-00602,0,0,0.05,val,SICU,50-69,Mobile_Vitals,Site_B_Rural,71,119,1.4,23.3
PAT-00603,0,0,0.08,val,CCU,30-49,Central_Station,Site_A_Metro,72,118,1.6,24.1
PAT-00604,0,0,0.11,val,MICU,18-29,Bedside_Telemetry,Site_B_Rural,73,117,1.8,24.9
PAT-00605,0,0,0.14,val,SICU,70+,Mobile_Vitals,Site_A_Metro,74,116,2.0,25.7
PAT-00606,0,0,0.17,val,CCU,50-69,Central_Station,Site_B_Rural,75,115,2.2,26.5
PAT-00607,0,0,0.2,val,MICU,30-49,Bedside_Telemetry,Site_A_Metro,76,114,2.4,27.3
PAT-00608,0,0,0.23,val,SICU,18-29,Mobile_Vitals,Site_B_Rural,77,113,2.6,28.1
PAT-00609,0,0,0.26,val,CCU,70+,Central_Station,Site_A_Metro,78,112,2.8,28.9
PAT-00610,0,0,0.29,val,MICU,50-69,Bedside_Telemetry,Site_B_Rural,79,111,3.0,29.7
PAT-00611,0,0,0.02,val,SICU,30-49,Mobile_Vitals,Site_A_Metro,80,110,3.2,30.5
PAT-00612,0,0,0.05,val,CCU,18-29,Central_Station,Site_B_Rural,81,109,3.4,31.3
PAT-00613,0,0,0.08,val,MICU,70+,Bedside_Telemetry,Site_A_Metro,82,108,3.6,32.1
PAT-00614,0,0,0.11,val,SICU,50-69,Mobile_Vitals,Site_B_Rural,83,107,3.8,32.9
PAT-00615,0,0,0.14,val,CCU,30-49,Central_Station,Site_A_Metro,84,106,4.0,33.7
PAT-00616,0,0,0.17,val,MICU,18-29,Bedside_Telemetry,Site_B_Rural,85,105,4.2,22.5
PAT-00617,0,0,0.2,val,SICU,70+,Mobile_Vitals,Site_A_Metro,86,104,4.4,23.3
PAT-00618,0,0,0.23,val,CCU,50-69,Central_Station,Site_B_Rural,87,103,4.6,24.1
PAT-00619,0,0,0.26,val,MICU,30-49,Bedside_Telemetry,Site_A_Metro,88,102,4.8,24.9
PAT-00620,0,0,0.29,val,SICU,18-29,Mobile_Vitals,Site_B_Rural,89,101,5.0,25.7
PAT-00621,0,0,0.02,val,CCU,70+,Central_Station,Site_A_Metro,90,100,1.2,26.5
PAT-00622,0,0,0.05,val,MICU,50-69,Bedside_Telemetry,Site_B_Rural,91,99,1.4,27.3
PAT-00623,0,0,0.08,val,SICU,30-49,Mobile_Vitals,Site_A_Metro,92,98,1.6,28.1
PAT-00624,0,0,0.11,val,CCU,18-29,Central_Station,Site_B_Rural,93,97,1.8,28.9
PAT-00625,0,0,0.14,val,MICU,70+,Bedside_Telemetry,Site_A_Metro,94,96,2.0,29.7
PAT-00626,0,1,0.58,val,SICU,50-69,Mobile_Vitals,Site_B_Rural,95,95,2.2,30.5
PAT-00627,0,0,0.2,val,CCU,30-49,Central_Station,Site_A_Metro,96,94,2.4,31.3
PAT-00628,0,0,0.23,val,MICU,18-29,Bedside_Telemetry,Site_B_Rural,97,93,2.6,32.1
PAT-00629,0,0,0.26,val,SICU,70+,Mobile_Vitals,Site_A_Metro,98,92,2.8,32.9
PAT-00630,0,0,0.29,val,CCU,50-69,Central_Station,Site_B_Rural,99,91,3.0,33.7
PAT-00631,0,0,0.02,val,MICU,30-49,Bedside_Telemetry,Site_A_Metro,100,120,3.2,22.5
PAT-00632,0,0,0.05,val,SICU,18-29,Mobile_Vitals,Site_B_Rural,101,119,3.4,23.3
PAT-00633,0,0,0.08,val,CCU,70+,Central_Station,Site_A_Metro,102,118,3.6,24.1
PAT-00634,0,0,0.11,val,MICU,50-69,Bedside_Telemetry,Site_B_Rural,103,117,3.8,24.9
PAT-00635,0,0,0.14,val,SICU,30-49,Mobile_Vitals,Site_A_Metro,104,116,4.0,25.7
PAT-00636,0,0,0.17,val,CCU,18-29,Central_Station,Site_B_Rural,105,115,4.2,26.5
PAT-00637,0,0,0.2,val,MICU,70+,Bedside_Telemetry,Site_A_Metro,106,114,4.4,27.3
PAT-00638,0,0,0.23,val,SICU,50-69,Mobile_Vitals,Site_B_Rural,107,113,4.6,28.1
PAT-00639,0,0,0.26,val,CCU,30-49,Central_Station,Site_A_Metro,108,112,4.8,28.9
PAT-00640,0,0,0.29,val,MICU,18-29,Bedside_Telemetry,Site_B_Rural,109,111,5.0,29.7
PAT-00641,0,0,0.02,val,SICU,70+,Mobile_Vitals,Site_A_Metro,70,110,1.2,30.5
PAT-00642,0,0,0.05,val,CCU,50-69,Central_Station,Site_B_Rural,71,109,1.4,31.3
PAT-00643,0,0,0.08,val,MICU,30-49,Bedside_Telemetry,Site_A_Metro,72,108,1.6,32.1
PAT-00644,0,0,0.11,val,SICU,18-29,Mobile_Vitals,Site_B_Rural,73,107,1.8,32.9
PAT-00645,0,0,0.14,val,CCU,70+,Central_Station,Site_A_Metro,74,106,2.0,33.7
PAT-00646,0,0,0.17,val,MICU,50-69,Bedside_Telemetry,Site_B_Rural,75,105,2.2,22.5
PAT-00647,0,0,0.2,val,SICU,30-49,Mobile_Vitals,Site_A_Metro,76,104,2.4,23.3
PAT-00648,0,0,0.23,val,CCU,18-29,Central_Station,Site_B_Rural,77,103,2.6,24.1
PAT-00649,0,0,0.26,val,MICU,70+,Bedside_Telemetry,Site_A_Metro,78,102,2.8,24.9
PAT-00650,0,0,0.29,val,SICU,50-69,Mobile_Vitals,Site_B_Rural,79,101,3.0,25.7
PAT-00651,0,1,0.58,val,CCU,30-49,Central_Station,Site_A_Metro,80,100,3.2,26.5
PAT-00652,0,0,0.05,val,MICU,18-29,Bedside_Telemetry,Site_B_Rural,81,99,3.4,27.3
PAT-00653,0,0,0.08,val,SICU,70+,Mobile_Vitals,Site_A_Metro,82,98,3.6,28.1
PAT-00654,0,0,0.11,val,CCU,50-69,Central_Station,Site_B_Rural,83,97,3.8,28.9
PAT-00655,0,0,0.14,val,MICU,30-49,Bedside_Telemetry,Site_A_Metro,84,96,4.0,29.7
PAT-00656,0,0,0.17,val,SICU,18-29,Mobile_Vitals,Site_B_Rural,85,95,4.2,30.5
PAT-00657,0,0,0.2,val,CCU,70+,Central_Station,Site_A_Metro,86,94,4.4,31.3
PAT-00658,0,0,0.23,val,MICU,50-69,Bedside_Telemetry,Site_B_Rural,87,93,4.6,32.1
PAT-00659,0,0,0.26,val,SICU,30-49,Mobile_Vitals,Site_A_Metro,88,92,4.8,32.9
PAT-00660,0,0,0.29,val,CCU,18-29,Central_Station,Site_B_Rural,89,91,5.0,33.7
PAT-00661,0,0,0.02,val,MICU,70+,Bedside_Telemetry,Site_A_Metro,90,120,1.2,22.5
PAT-00662,0,0,0.05,val,SICU,50-69,Mobile_Vitals,Site_B_Rural,91,119,1.4,23.3
PAT-00663,0,0,0.08,val,CCU,30-49,Central_Station,Site_A_Metro,92,118,1.6,24.1
PAT-00664,0,0,0.11,val,MICU,18-29,Bedside_Telemetry,Site_B_Rural,93,117,1.8,24.9
PAT-00665,0,0,0.14,val,SICU,70+,Mobile_Vitals,Site_A_Metro,94,116,2.0,25.7
PAT-00666,0,0,0.17,val,CCU,50-69,Central_Station,Site_B_Rural,95,115,2.2,26.5
PAT-00667,0,0,0.2,val,MICU,30-49,Bedside_Telemetry,Site_A_Metro,96,114,2.4,27.3
PAT-00668,0,0,0.23,val,SICU,18-29,Mobile_Vitals,Site_B_Rural,97,113,2.6,28.1
PAT-00669,0,0,0.26,val,CCU,70+,Central_Station,Site_A_Metro,98,112,2.8,28.9
PAT-00670,0,0,0.29,val,MICU,50-69,Bedside_Telemetry,Site_B_Rural,99,111,3.0,29.7
PAT-00671,0,0,0.02,val,SICU,30-49,Mobile_Vitals,Site_A_Metro,100,110,3.2,30.5
PAT-00672,0,0,0.05,val,CCU,18-29,Central_Station,Site_B_Rural,101,109,3.4,31.3
PAT-00673,0,0,0.08,val,MICU,70+,Bedside_Telemetry,Site_A_Metro,102,108,3.6,32.1
PAT-00674,0,0,0.11,val,SICU,50-69,Mobile_Vitals,Site_B_Rural,103,107,3.8,32.9
PAT-00675,0,0,0.14,val,CCU,30-49,Central_Station,Site_A_Metro,104,106,4.0,33.7
PAT-00676,0,1,0.58,val,MICU,18-29,Bedside_Telemetry,Site_B_Rural,105,105,4.2,22.5
PAT-00677,0,0,0.2,val,SICU,70+,Mobile_Vitals,Site_A_Metro,106,104,4.4,23.3
PAT-00678,0,0,0.23,val,CCU,50-69,Central_Station,Site_B_Rural,107,103,4.6,24.1
PAT-00679,0,0,0.26,val,MICU,30-49,Bedside_Telemetry,Site_A_Metro,108,102,4.8,24.9
PAT-00680,0,0,0.29,val,SICU,18-29,Mobile_Vitals,Site_B_Rural,109,101,5.0,25.7
PAT-00681,0,0,0.02,val,CCU,70+,Central_Station,Site_A_Metro,70,100,1.2,26.5
PAT-00682,0,0,0.05,val,MICU,50-69,Bedside_Telemetry,Site_B_Rural,71,99,1.4,27.3
PAT-00683,0,0,0.08,val,SICU,30-49,Mobile_Vitals,Site_A_Metro,72,98,1.6,28.1
PAT-00684,0,0,0.11,val,CCU,18-29,Central_Station,Site_B_Rural,73,97,1.8,28.9
PAT-00685,0,0,0.14,val,MICU,70+,Bedside_Telemetry,Site_A_Metro,74,96,2.0,29.7
PAT-00686,0,0,0.17,val,SICU,50-69,Mobile_Vitals,Site_B_Rural,75,95,2.2,30.5
PAT-00687,0,0,0.2,val,CCU,30-49,Central_Station,Site_A_Metro,76,94,2.4,31.3
PAT-00688,0,0,0.23,val,MICU,18-29,Bedside_Telemetry,Site_B_Rural,77,93,2.6,32.1
PAT-00689,0,0,0.26,val,SICU,70+,Mobile_Vitals,Site_A_Metro,78,92,2.8,32.9
PAT-00690,0,0,0.29,val,CCU,50-69,Central_Station,Site_B_Rural,79,91,3.0,33.7
PAT-00691,0,0,0.02,val,MICU,30-49,Bedside_Telemetry,Site_A_Metro,80,120,3.2,22.5
PAT-00692,0,0,0.05,val,SICU,18-29,Mobile_Vitals,Site_B_Rural,81,119,3.4,23.3
PAT-00693,0,0,0.08,val,CCU,70+,Central_Station,Site_A_Metro,82,118,3.6,24.1
PAT-00694,0,0,0.11,val,MICU,50-69,Bedside_Telemetry,Site_B_Rural,83,117,3.8,24.9
PAT-00695,0,0,0.14,val,SICU,30-49,Mobile_Vitals,Site_A_Metro,84,116,4.0,25.7
PAT-00696,0,0,0.17,val,CCU,18-29,Central_Station,Site_B_Rural,85,115,4.2,26.5
PAT-00697,0,0,0.2,val,MICU,70+,Bedside_Telemetry,Site_A_Metro,86,114,4.4,27.3
PAT-00698,0,0,0.23,val,SICU,50-69,Mobile_Vitals,Site_B_Rural,87,113,4.6,28.1
PAT-00699,0,0,0.26,val,CCU,30-49,Central_Station,Site_A_Metro,88,112,4.8,28.9
PAT-00700,0,0,0.29,val,MICU,18-29,Bedside_Telemetry,Site_B_Rural,89,111,5.0,29.7
PAT-00701,0,1,0.58,val,SICU,70+,Mobile_Vitals,Site_A_Metro,90,110,1.2,30.5
PAT-00702,0,0,0.05,val,CCU,50-69,Central_Station,Site_B_Rural,91,109,1.4,31.3
PAT-00703,0,0,0.08,val,MICU,30-49,Bedside_Telemetry,Site_A_Metro,92,108,1.6,32.1
PAT-00704,0,0,0.11,val,SICU,18-29,Mobile_Vitals,Site_B_Rural,93,107,1.8,32.9
PAT-00705,0,0,0.14,val,CCU,70+,Central_Station,Site_A_Metro,94,106,2.0,33.7
PAT-00706,0,0,0.17,val,MICU,50-69,Bedside_Telemetry,Site_B_Rural,95,105,2.2,22.5
PAT-00707,0,0,0.2,val,SICU,30-49,Mobile_Vitals,Site_A_Metro,96,104,2.4,23.3
PAT-00708,0,0,0.23,val,CCU,18-29,Central_Station,Site_B_Rural,97,103,2.6,24.1
PAT-00709,0,0,0.26,val,MICU,70+,Bedside_Telemetry,Site_A_Metro,98,102,2.8,24.9
PAT-00710,0,0,0.29,val,SICU,50-69,Mobile_Vitals,Site_B_Rural,99,101,3.0,25.7
PAT-00711,0,0,0.02,val,CCU,30-49,Central_Station,Site_A_Metro,100,100,3.2,26.5
PAT-00712,0,0,0.05,val,MICU,18-29,Bedside_Telemetry,Site_B_Rural,101,99,3.4,27.3
PAT-00713,0,0,0.08,val,SICU,70+,Mobile_Vitals,Site_A_Metro,102,98,3.6,28.1
PAT-00714,0,0,0.11,val,CCU,50-69,Central_Station,Site_B_Rural,103,97,3.8,28.9
PAT-00715,0,0,0.14,val,MICU,30-49,Bedside_Telemetry,Site_A_Metro,104,96,4.0,29.7
PAT-00716,0,0,0.17,val,SICU,18-29,Mobile_Vitals,Site_B_Rural,105,95,4.2,30.5
PAT-00717,0,0,0.2,val,CCU,70+,Central_Station,Site_A_Metro,106,94,4.4,31.3
PAT-00718,0,0,0.23,val,MICU,50-69,Bedside_Telemetry,Site_B_Rural,107,93,4.6,32.1
PAT-00719,0,0,0.26,val,SICU,30-49,Mobile_Vitals,Site_A_Metro,108,92,4.8,32.9
PAT-00720,0,0,0.29,val,CCU,18-29,Central_Station,Site_B_Rural,109,91,5.0,33.7
PAT-00721,0,0,0.02,val,MICU,70+,Bedside_Telemetry,Site_A_Metro,70,120,1.2,22.5
PAT-00722,0,0,0.05,val,SICU,50-69,Mobile_Vitals,Site_B_Rural,71,119,1.4,23.3
PAT-00723,0,0,0.08,val,CCU,30-49,Central_Station,Site_A_Metro,72,118,1.6,24.1
PAT-00724,0,0,0.11,val,MICU,18-29,Bedside_Telemetry,Site_B_Rural,73,117,1.8,24.9
PAT-00725,0,0,0.14,val,SICU,70+,Mobile_Vitals,Site_A_Metro,74,116,2.0,25.7
PAT-00726,0,1,0.58,val,CCU,50-69,Central_Station,Site_B_Rural,75,115,2.2,26.5
PAT-00727,0,0,0.2,val,MICU,30-49,Bedside_Telemetry,Site_A_Metro,76,114,2.4,27.3
PAT-00728,0,0,0.23,val,SICU,18-29,Mobile_Vitals,Site_B_Rural,77,113,2.6,28.1
PAT-00729,0,0,0.26,val,CCU,70+,Central_Station,Site_A_Metro,78,112,2.8,28.9
PAT-00730,0,0,0.29,val,MICU,50-69,Bedside_Telemetry,Site_B_Rural,79,111,3.0,29.7
PAT-00731,0,0,0.02,val,SICU,30-49,Mobile_Vitals,Site_A_Metro,80,110,3.2,30.5
PAT-00732,0,0,0.05,val,CCU,18-29,Central_Station,Site_B_Rural,81,109,3.4,31.3
PAT-00733,0,0,0.08,val,MICU,70+,Bedside_Telemetry,Site_A_Metro,82,108,3.6,32.1
PAT-00734,0,0,0.11,val,SICU,50-69,Mobile_Vitals,Site_B_Rural,83,107,3.8,32.9
PAT-00735,0,0,0.14,val,CCU,30-49,Central_Station,Site_A_Metro,84,106,4.0,33.7
PAT-00736,0,0,0.17,val,MICU,18-29,Bedside_Telemetry,Site_B_Rural,85,105,4.2,22.5
PAT-00737,0,0,0.2,val,SICU,70+,Mobile_Vitals,Site_A_Metro,86,104,4.4,23.3
PAT-00738,0,0,0.23,val,CCU,50-69,Central_Station,Site_B_Rural,87,103,4.6,24.1
PAT-00739,0,0,0.26,val,MICU,30-49,Bedside_Telemetry,Site_A_Metro,88,102,4.8,24.9
PAT-00740,0,0,0.29,val,SICU,18-29,Mobile_Vitals,Site_B_Rural,89,101,5.0,25.7
PAT-00741,0,0,0.02,val,CCU,70+,Central_Station,Site_A_Metro,90,100,1.2,26.5
PAT-00742,0,0,0.05,val,MICU,50-69,Bedside_Telemetry,Site_B_Rural,91,99,1.4,27.3
PAT-00743,0,0,0.08,val,SICU,30-49,Mobile_Vitals,Site_A_Metro,92,98,1.6,28.1
PAT-00744,0,0,0.11,val,CCU,18-29,Central_Station,Site_B_Rural,93,97,1.8,28.9
PAT-00745,0,0,0.14,val,MICU,70+,Bedside_Telemetry,Site_A_Metro,94,96,2.0,29.7
PAT-00746,0,0,0.17,val,SICU,50-69,Mobile_Vitals,Site_B_Rural,95,95,2.2,30.5
PAT-00747,0,0,0.2,val,CCU,30-49,Central_Station,Site_A_Metro,96,94,2.4,31.3
PAT-00748,0,0,0.23,val,MICU,18-29,Bedside_Telemetry,Site_B_Rural,97,93,2.6,32.1
PAT-00749,0,0,0.26,val,SICU,70+,Mobile_Vitals,Site_A_Metro,98,92,2.8,32.9
PAT-00750,0,0,0.29,val,CCU,50-69,Central_Station,Site_B_Rural,99,91,3.0,33.7
PAT-00751,0,1,0.58,val,MICU,30-49,Bedside_Telemetry,Site_A_Metro,100,120,3.2,22.5
PAT-00752,0,0,0.05,val,SICU,18-29,Mobile_Vitals,Site_B_Rural,101,119,3.4,23.3
PAT-00753,0,0,0.08,val,CCU,70+,Central_Station,Site_A_Metro,102,118,3.6,24.1
PAT-00754,0,0,0.11,val,MICU,50-69,Bedside_Telemetry,Site_B_Rural,103,117,3.8,24.9
PAT-00755,0,0,0.14,val,SICU,30-49,Mobile_Vitals,Site_A_Metro,104,116,4.0,25.7
PAT-00756,0,0,0.17,val,CCU,18-29,Central_Station,Site_B_Rural,105,115,4.2,26.5
PAT-00757,0,0,0.2,val,MICU,70+,Bedside_Telemetry,Site_A_Metro,106,114,4.4,27.3
PAT-00758,0,0,0.23,val,SICU,50-69,Mobile_Vitals,Site_B_Rural,107,113,4.6,28.1
PAT-00759,0,0,0.26,val,CCU,30-49,Central_Station,Site_A_Metro,108,112,4.8,28.9
PAT-00760,0,0,0.29,val,MICU,18-29,Bedside_Telemetry,Site_B_Rural,109,111,5.0,29.7
PAT-00761,0,0,0.02,val,SICU,70+,Mobile_Vitals,Site_A_Metro,70,110,1.2,30.5
PAT-00762,0,0,0.05,val,CCU,50-69,Central_Station,Site_B_Rural,71,109,1.4,31.3
PAT-00763,0,0,0.08,val,MICU,30-49,Bedside_Telemetry,Site_A_Metro,72,108,1.6,32.1
PAT-00764,0,0,0.11,val,SICU,18-29,Mobile_Vitals,Site_B_Rural,73,107,1.8,32.9
PAT-00765,0,0,0.14,val,CCU,70+,Central_Station,Site_A_Metro,74,106,2.0,33.7
PAT-00766,0,0,0.17,val,MICU,50-69,Bedside_Telemetry,Site_B_Rural,75,105,2.2,22.5
PAT-00767,0,0,0.2,val,SICU,30-49,Mobile_Vitals,Site_A_Metro,76,104,2.4,23.3
PAT-00768,0,0,0.23,val,CCU,18-29,Central_Station,Site_B_Rural,77,103,2.6,24.1
PAT-00769,0,0,0.26,val,MICU,70+,Bedside_Telemetry,Site_A_Metro,78,102,2.8,24.9
PAT-00770,0,0,0.29,val,SICU,50-69,Mobile_Vitals,Site_B_Rural,79,101,3.0,25.7
PAT-00771,0,0,0.02,val,CCU,30-49,Central_Station,Site_A_Metro,80,100,3.2,26.5
PAT-00772,0,0,0.05,val,MICU,18-29,Bedside_Telemetry,Site_B_Rural,81,99,3.4,27.3
PAT-00773,0,0,0.08,val,SICU,70+,Mobile_Vitals,Site_A_Metro,82,98,3.6,28.1
PAT-00774,0,0,0.11,val,CCU,50-69,Central_Station,Site_B_Rural,83,97,3.8,28.9
PAT-00775,0,0,0.14,val,MICU,30-49,Bedside_Telemetry,Site_A_Metro,84,96,4.0,29.7
PAT-00776,0,1,0.58,val,SICU,18-29,Mobile_Vitals,Site_B_Rural,85,95,4.2,30.5
PAT-00777,0,0,0.2,val,CCU,70+,Central_Station,Site_A_Metro,86,94,4.4,31.3
PAT-00778,0,0,0.23,val,MICU,50-69,Bedside_Telemetry,Site_B_Rural,87,93,4.6,32.1
PAT-00779,0,0,0.26,val,SICU,30-49,Mobile_Vitals,Site_A_Metro,88,92,4.8,32.9
PAT-00780,0,0,0.29,val,CCU,18-29,Central_Station,Site_B_Rural,89,91,5.0,33.7
PAT-00781,0,0,0.02,val,MICU,70+,Bedside_Telemetry,Site_A_Metro,90,120,1.2,22.5
PAT-00782,0,0,0.05,val,SICU,50-69,Mobile_Vitals,Site_B_Rural,91,119,1.4,23.3
PAT-00783,0,0,0.08,val,CCU,30-49,Central_Station,Site_A_Metro,92,118,1.6,24.1
PAT-00784,0,0,0.11,val,MICU,18-29,Bedside_Telemetry,Site_B_Rural,93,117,1.8,24.9
PAT-00785,0,0,0.14,val,SICU,70+,Mobile_Vitals,Site_A_Metro,94,116,2.0,25.7
PAT-00786,0,0,0.17,val,CCU,50-69,Central_Station,Site_B_Rural,95,115,2.2,26.5
PAT-00787,0,0,0.2,val,MICU,30-49,Bedside_Telemetry,Site_A_Metro,96,114,2.4,27.3
PAT-00788,0,0,0.23,val,SICU,18-29,Mobile_Vitals,Site_B_Rural,97,113,2.6,28.1
PAT-00789,0,0,0.26,val,CCU,70+,Central_Station,Site_A_Metro,98,112,2.8,28.9
PAT-00790,0,0,0.29,val,MICU,50-69,Bedside_Telemetry,Site_B_Rural,99,111,3.0,29.7
PAT-00791,0,0,0.02,val,SICU,30-49,Mobile_Vitals,Site_A_Metro,100,110,3.2,30.5
PAT-00792,0,0,0.05,val,CCU,18-29,Central_Station,Site_B_Rural,101,109,3.4,31.3
PAT-00793,0,0,0.08,val,MICU,70+,Bedside_Telemetry,Site_A_Metro,102,108,3.6,32.1
PAT-00794,0,0,0.11,val,SICU,50-69,Mobile_Vitals,Site_B_Rural,103,107,3.8,32.9
PAT-00795,0,0,0.14,val,CCU,30-49,Central_Station,Site_A_Metro,104,106,4.0,33.7
PAT-00796,0,0,0.17,val,MICU,18-29,Bedside_Telemetry,Site_B_Rural,105,105,4.2,22.5
PAT-00797,0,0,0.2,val,SICU,70+,Mobile_Vitals,Site_A_Metro,106,104,4.4,23.3
PAT-00798,0,0,0.23,val,CCU,50-69,Central_Station,Site_B_Rural,107,103,4.6,24.1
PAT-00799,0,0,0.26,val,MICU,30-49,Bedside_Telemetry,Site_A_Metro,108,102,4.8,24.9
PAT-00800,0,0,0.29,val,SICU,18-29,Mobile_Vitals,Site_B_Rural,109,101,5.0,25.7
PAT-00801,0,1,0.58,production,CCU,70+,Central_Station,Site_A_Metro,70,100,1.2,26.5
PAT-00802,0,1,0.58,val,MICU,30-49,Bedside_Telemetry,Site_A_Metro,100,120,3.2,22.5
PAT-00803,0,0,0.08,production,SICU,30-49,Mobile_Vitals,Site_A_Metro,72,98,1.6,28.1
PAT-00804,0,0,0.11,production,CCU,18-29,Central_Station,Site_B_Rural,73,97,1.8,28.9
PAT-00805,0,0,0.14,production,MICU,70+,Bedside_Telemetry,Site_A_Metro,74,96,2.0,29.7
PAT-00806,0,0,0.17,production,SICU,50-69,Mobile_Vitals,Site_B_Rural,75,95,2.2,30.5
PAT-00807,0,0,0.2,production,CCU,30-49,Central_Station,Site_A_Metro,76,94,2.4,31.3
PAT-00808,0,0,0.23,production,MICU,18-29,Bedside_Telemetry,Site_B_Rural,77,93,2.6,32.1
PAT-00809,0,0,0.26,production,SICU,70+,Mobile_Vitals,Site_A_Metro,78,92,2.8,32.9
PAT-00810,0,0,0.29,production,CCU,50-69,Central_Station,Site_B_Rural,79,91,3.0,33.7
PAT-00811,0,0,0.02,production,MICU,30-49,Bedside_Telemetry,Site_A_Metro,80,120,3.2,22.5
PAT-00812,0,0,0.05,production,SICU,18-29,Mobile_Vitals,Site_B_Rural,81,119,3.4,23.3
PAT-00813,0,0,0.08,production,CCU,70+,Central_Station,Site_A_Metro,82,118,3.6,24.1
PAT-00814,0,0,0.11,production,MICU,50-69,Bedside_Telemetry,Site_B_Rural,83,117,3.8,24.9
PAT-00815,0,0,0.14,production,SICU,30-49,Mobile_Vitals,Site_A_Metro,84,116,4.0,25.7
PAT-00816,0,0,0.17,production,CCU,18-29,Central_Station,Site_B_Rural,85,115,4.2,26.5
PAT-00817,0,0,0.2,production,MICU,70+,Bedside_Telemetry,Site_A_Metro,86,114,4.4,27.3
PAT-00818,0,0,0.23,production,SICU,50-69,Mobile_Vitals,Site_B_Rural,87,113,4.6,28.1
PAT-00819,0,0,0.26,production,CCU,30-49,Central_Station,Site_A_Metro,88,112,4.8,28.9
PAT-00820,0,0,0.29,production,MICU,18-29,Bedside_Telemetry,Site_B_Rural,89,111,5.0,29.7
PAT-00821,0,0,0.02,production,SICU,70+,Mobile_Vitals,Site_A_Metro,90,110,1.2,30.5
PAT-00822,0,0,0.05,production,CCU,50-69,Central_Station,Site_B_Rural,91,109,1.4,31.3
PAT-00823,0,0,0.08,production,MICU,30-49,Bedside_Telemetry,Site_A_Metro,92,108,1.6,32.1
PAT-00824,0,0,0.11,production,SICU,18-29,Mobile_Vitals,Site_B_Rural,93,107,1.8,32.9
PAT-00825,0,0,0.14,production,CCU,70+,Central_Station,Site_A_Metro,94,106,2.0,33.7
PAT-00826,0,1,0.58,production,MICU,50-69,Bedside_Telemetry,Site_B_Rural,95,105,2.2,22.5
PAT-00827,0,0,0.2,production,SICU,30-49,Mobile_Vitals,Site_A_Metro,96,104,2.4,23.3
PAT-00828,0,0,0.23,production,CCU,18-29,Central_Station,Site_B_Rural,97,103,2.6,24.1
PAT-00829,0,0,0.26,production,MICU,70+,Bedside_Telemetry,Site_A_Metro,98,102,2.8,24.9
PAT-00830,0,0,0.29,production,SICU,50-69,Mobile_Vitals,Site_B_Rural,99,101,3.0,25.7
PAT-00831,0,0,0.02,production,CCU,30-49,Central_Station,Site_A_Metro,100,100,3.2,26.5
PAT-00832,0,0,0.05,production,MICU,18-29,Bedside_Telemetry,Site_B_Rural,101,99,3.4,27.3
PAT-00833,0,0,0.08,production,SICU,70+,Mobile_Vitals,Site_A_Metro,102,98,3.6,28.1
PAT-00834,0,0,0.11,production,CCU,50-69,Central_Station,Site_B_Rural,103,97,3.8,28.9
PAT-00835,0,0,0.14,production,MICU,30-49,Bedside_Telemetry,Site_A_Metro,104,96,4.0,29.7
PAT-00836,0,0,0.17,production,SICU,18-29,Mobile_Vitals,Site_B_Rural,105,95,4.2,30.5
PAT-00837,0,0,0.2,production,CCU,70+,Central_Station,Site_A_Metro,106,94,4.4,31.3
PAT-00838,0,0,0.23,production,MICU,50-69,Bedside_Telemetry,Site_B_Rural,107,93,4.6,32.1
PAT-00839,0,0,0.26,production,SICU,30-49,Mobile_Vitals,Site_A_Metro,108,92,4.8,32.9
PAT-00840,0,0,0.29,production,CCU,18-29,Central_Station,Site_B_Rural,109,91,5.0,33.7
PAT-00841,0,0,0.02,production,MICU,70+,Bedside_Telemetry,Site_A_Metro,70,120,1.2,22.5
PAT-00842,0,0,0.05,production,SICU,50-69,Mobile_Vitals,Site_B_Rural,71,119,1.4,23.3
PAT-00843,0,0,0.08,production,CCU,30-49,Central_Station,Site_A_Metro,72,118,1.6,24.1
PAT-00844,0,0,0.11,production,MICU,18-29,Bedside_Telemetry,Site_B_Rural,73,117,1.8,24.9
PAT-00845,0,0,0.14,production,SICU,70+,Mobile_Vitals,Site_A_Metro,74,116,2.0,25.7
PAT-00846,0,0,0.17,production,CCU,50-69,Central_Station,Site_B_Rural,75,115,2.2,26.5
PAT-00847,0,0,0.2,production,MICU,30-49,Bedside_Telemetry,Site_A_Metro,76,114,2.4,27.3
PAT-00848,0,0,0.23,production,SICU,18-29,Mobile_Vitals,Site_B_Rural,77,113,2.6,28.1
PAT-00849,0,0,0.26,production,CCU,70+,Central_Station,Site_A_Metro,78,112,2.8,28.9
PAT-00850,0,0,0.29,production,MICU,50-69,Bedside_Telemetry,Site_B_Rural,79,111,3.0,29.7
PAT-00851,0,1,0.58,production,SICU,30-49,Mobile_Vitals,Site_A_Metro,80,110,3.2,30.5
PAT-00852,0,0,0.05,production,CCU,18-29,Central_Station,Site_B_Rural,81,109,3.4,31.3
PAT-00853,0,0,0.08,production,MICU,70+,Bedside_Telemetry,Site_A_Metro,82,108,3.6,32.1
PAT-00854,0,0,0.11,production,SICU,50-69,Mobile_Vitals,Site_B_Rural,83,107,3.8,32.9
PAT-00855,0,0,0.14,production,CCU,30-49,Central_Station,Site_A_Metro,84,106,4.0,33.7
PAT-00856,0,0,0.17,production,MICU,18-29,Bedside_Telemetry,Site_B_Rural,85,105,4.2,22.5
PAT-00857,0,0,0.2,production,SICU,70+,Mobile_Vitals,Site_A_Metro,86,104,4.4,23.3
PAT-00858,0,0,0.23,production,CCU,50-69,Central_Station,Site_B_Rural,87,103,4.6,24.1
PAT-00859,0,0,0.26,production,MICU,30-49,Bedside_Telemetry,Site_A_Metro,88,102,4.8,24.9
PAT-00860,0,0,0.29,production,SICU,18-29,Mobile_Vitals,Site_B_Rural,89,101,5.0,25.7
PAT-00861,0,0,0.02,production,CCU,70+,Central_Station,Site_A_Metro,90,100,1.2,26.5
PAT-00862,0,0,0.05,production,MICU,50-69,Bedside_Telemetry,Site_B_Rural,91,99,1.4,27.3
PAT-00863,0,0,0.08,production,SICU,30-49,Mobile_Vitals,Site_A_Metro,92,98,1.6,28.1
PAT-00864,0,0,0.11,production,CCU,18-29,Central_Station,Site_B_Rural,93,97,1.8,28.9
PAT-00865,0,0,0.14,production,MICU,70+,Bedside_Telemetry,Site_A_Metro,94,96,2.0,29.7
PAT-00866,0,0,0.17,production,SICU,50-69,Mobile_Vitals,Site_B_Rural,95,95,2.2,30.5
PAT-00867,0,0,0.2,production,CCU,30-49,Central_Station,Site_A_Metro,96,94,2.4,31.3
PAT-00868,0,0,0.23,production,MICU,18-29,Bedside_Telemetry,Site_B_Rural,97,93,2.6,32.1
PAT-00869,0,0,0.26,production,SICU,70+,Mobile_Vitals,Site_A_Metro,98,92,2.8,32.9
PAT-00870,0,0,0.29,production,CCU,50-69,Central_Station,Site_B_Rural,99,91,3.0,33.7
PAT-00871,0,0,0.02,production,MICU,30-49,Bedside_Telemetry,Site_A_Metro,100,120,3.2,22.5
PAT-00872,0,0,0.05,production,SICU,18-29,Mobile_Vitals,Site_B_Rural,101,119,3.4,23.3
PAT-00873,0,0,0.08,production,CCU,70+,Central_Station,Site_A_Metro,102,118,3.6,24.1
PAT-00874,0,0,0.11,production,MICU,50-69,Bedside_Telemetry,Site_B_Rural,103,117,3.8,24.9
PAT-00875,0,0,0.14,production,SICU,30-49,Mobile_Vitals,Site_A_Metro,104,116,4.0,25.7
PAT-00876,0,1,0.58,production,CCU,18-29,Central_Station,Site_B_Rural,105,115,4.2,26.5
PAT-00877,0,0,0.2,production,MICU,70+,Bedside_Telemetry,Site_A_Metro,106,114,4.4,27.3
PAT-00878,0,0,0.23,production,SICU,50-69,Mobile_Vitals,Site_B_Rural,107,113,4.6,28.1
PAT-00879,0,0,0.26,production,CCU,30-49,Central_Station,Site_A_Metro,108,112,4.8,28.9
PAT-00880,0,0,0.29,production,MICU,18-29,Bedside_Telemetry,Site_B_Rural,109,111,5.0,29.7
PAT-00881,0,0,0.02,production,SICU,70+,Mobile_Vitals,Site_A_Metro,70,110,1.2,30.5
PAT-00882,0,0,0.05,production,CCU,50-69,Central_Station,Site_B_Rural,71,109,1.4,31.3
PAT-00883,0,0,0.08,production,MICU,30-49,Bedside_Telemetry,Site_A_Metro,72,108,1.6,32.1
PAT-00884,0,0,0.11,production,SICU,18-29,Mobile_Vitals,Site_B_Rural,73,107,1.8,32.9
PAT-00885,0,0,0.14,production,CCU,70+,Central_Station,Site_A_Metro,74,106,2.0,33.7
PAT-00886,0,0,0.17,production,MICU,50-69,Bedside_Telemetry,Site_B_Rural,75,105,2.2,22.5
PAT-00887,0,0,0.2,production,SICU,30-49,Mobile_Vitals,Site_A_Metro,76,104,2.4,23.3
PAT-00888,0,0,0.23,production,CCU,18-29,Central_Station,Site_B_Rural,77,103,2.6,24.1
PAT-00889,0,0,0.26,production,MICU,70+,Bedside_Telemetry,Site_A_Metro,78,102,2.8,24.9
PAT-00890,0,0,0.29,production,SICU,50-69,Mobile_Vitals,Site_B_Rural,79,101,3.0,25.7
PAT-00891,0,0,0.02,production,CCU,30-49,Central_Station,Site_A_Metro,80,100,3.2,26.5
PAT-00892,0,0,0.05,production,MICU,18-29,Bedside_Telemetry,Site_B_Rural,81,99,3.4,27.3
PAT-00893,0,0,0.08,production,SICU,70+,Mobile_Vitals,Site_A_Metro,82,98,3.6,28.1
PAT-00894,0,0,0.11,production,CCU,50-69,Central_Station,Site_B_Rural,83,97,3.8,28.9
PAT-00895,0,0,0.14,production,MICU,30-49,Bedside_Telemetry,Site_A_Metro,84,96,4.0,29.7
PAT-00896,0,0,0.17,production,SICU,18-29,Mobile_Vitals,Site_B_Rural,85,95,4.2,30.5
PAT-00897,0,0,0.2,production,CCU,70+,Central_Station,Site_A_Metro,86,94,4.4,31.3
PAT-00898,0,0,0.23,production,MICU,50-69,Bedside_Telemetry,Site_B_Rural,87,93,4.6,32.1
PAT-00899,0,0,0.26,production,SICU,30-49,Mobile_Vitals,Site_A_Metro,88,92,4.8,32.9
PAT-00900,0,0,0.29,production,CCU,18-29,Central_Station,Site_B_Rural,89,91,5.0,33.7
PAT-00901,0,1,0.58,production,MICU,70+,Bedside_Telemetry,Site_A_Metro,90,120,1.2,22.5
PAT-00902,0,0,0.05,production,SICU,50-69,Mobile_Vitals,Site_B_Rural,91,119,1.4,23.3
PAT-00903,0,0,0.08,production,CCU,30-49,Central_Station,Site_A_Metro,92,118,1.6,24.1
PAT-00904,0,0,0.11,production,MICU,18-29,Bedside_Telemetry,Site_B_Rural,93,117,1.8,24.9
PAT-00905,0,0,0.14,production,SICU,70+,Mobile_Vitals,Site_A_Metro,94,116,2.0,25.7
PAT-00906,0,0,0.17,production,CCU,50-69,Central_Station,Site_B_Rural,95,115,2.2,26.5
PAT-00907,0,0,0.2,production,MICU,30-49,Bedside_Telemetry,Site_A_Metro,96,114,2.4,27.3
PAT-00908,0,0,0.23,production,SICU,18-29,Mobile_Vitals,Site_B_Rural,97,113,2.6,28.1
PAT-00909,0,0,0.26,production,CCU,70+,Central_Station,Site_A_Metro,98,112,2.8,28.9
PAT-00910,0,0,0.29,production,MICU,50-69,Bedside_Telemetry,Site_B_Rural,99,111,3.0,29.7
PAT-00911,0,0,0.02,production,SICU,30-49,Mobile_Vitals,Site_A_Metro,100,110,3.2,30.5
PAT-00912,0,0,0.05,production,CCU,18-29,Central_Station,Site_B_Rural,101,109,3.4,31.3
PAT-00913,0,0,0.08,production,MICU,70+,Bedside_Telemetry,Site_A_Metro,102,108,3.6,32.1
PAT-00914,0,0,0.11,production,SICU,50-69,Mobile_Vitals,Site_B_Rural,103,107,3.8,32.9
PAT-00915,0,0,0.14,production,CCU,30-49,Central_Station,Site_A_Metro,104,106,4.0,33.7
PAT-00916,0,0,0.17,production,MICU,18-29,Bedside_Telemetry,Site_B_Rural,105,105,4.2,22.5
PAT-00917,0,0,0.2,production,SICU,70+,Mobile_Vitals,Site_A_Metro,106,104,4.4,23.3
PAT-00918,0,0,0.23,production,CCU,50-69,Central_Station,Site_B_Rural,107,103,4.6,24.1
PAT-00919,0,0,0.26,production,MICU,30-49,Bedside_Telemetry,Site_A_Metro,108,102,4.8,24.9
PAT-00920,0,0,0.29,production,SICU,18-29,Mobile_Vitals,Site_B_Rural,109,101,5.0,25.7
PAT-00921,0,0,0.02,production,CCU,70+,Central_Station,Site_A_Metro,70,100,1.2,26.5
PAT-00922,0,0,0.05,production,MICU,50-69,Bedside_Telemetry,Site_B_Rural,71,99,1.4,27.3
PAT-00923,0,0,0.08,production,SICU,30-49,Mobile_Vitals,Site_A_Metro,72,98,1.6,28.1
PAT-00924,0,0,0.11,production,CCU,18-29,Central_Station,Site_B_Rural,73,97,1.8,28.9
PAT-00925,0,0,0.14,production,MICU,70+,Bedside_Telemetry,Site_A_Metro,74,96,2.0,29.7
PAT-00926,0,1,0.58,production,SICU,50-69,Mobile_Vitals,Site_B_Rural,75,95,2.2,30.5
PAT-00927,0,0,0.2,production,CCU,30-49,Central_Station,Site_A_Metro,76,94,2.4,31.3
PAT-00928,0,0,0.23,production,MICU,18-29,Bedside_Telemetry,Site_B_Rural,77,93,2.6,32.1
PAT-00929,0,0,0.26,production,SICU,70+,Mobile_Vitals,Site_A_Metro,78,92,2.8,32.9
PAT-00930,0,0,0.29,production,CCU,50-69,Central_Station,Site_B_Rural,79,91,3.0,33.7
PAT-00931,0,0,0.02,production,MICU,30-49,Bedside_Telemetry,Site_A_Metro,80,120,3.2,22.5
PAT-00932,0,0,0.05,production,SICU,18-29,Mobile_Vitals,Site_B_Rural,81,119,3.4,23.3
PAT-00933,0,0,0.08,production,CCU,70+,Central_Station,Site_A_Metro,82,118,3.6,24.1
PAT-00934,0,0,0.11,production,MICU,50-69,Bedside_Telemetry,Site_B_Rural,83,117,3.8,24.9
PAT-00935,0,0,0.14,production,SICU,30-49,Mobile_Vitals,Site_A_Metro,84,116,4.0,25.7
PAT-00936,0,0,0.17,production,CCU,18-29,Central_Station,Site_B_Rural,85,115,4.2,26.5
PAT-00937,0,0,0.2,production,MICU,70+,Bedside_Telemetry,Site_A_Metro,86,114,4.4,27.3
PAT-00938,0,0,0.23,production,SICU,50-69,Mobile_Vitals,Site_B_Rural,87,113,4.6,28.1
PAT-00939,0,0,0.26,production,CCU,30-49,Central_Station,Site_A_Metro,88,112,4.8,28.9
PAT-00940,0,0,0.29,production,MICU,18-29,Bedside_Telemetry,Site_B_Rural,89,111,5.0,29.7
PAT-00941,0,0,0.02,production,SICU,70+,Mobile_Vitals,Site_A_Metro,90,110,1.2,30.5
PAT-00942,0,0,0.05,production,CCU,50-69,Central_Station,Site_B_Rural,91,109,1.4,31.3
PAT-00943,0,0,0.08,production,MICU,30-49,Bedside_Telemetry,Site_A_Metro,92,108,1.6,32.1
PAT-00944,0,0,0.11,production,SICU,18-29,Mobile_Vitals,Site_B_Rural,93,107,1.8,32.9
PAT-00945,0,0,0.14,production,CCU,70+,Central_Station,Site_A_Metro,94,106,2.0,33.7
PAT-00946,0,0,0.17,production,MICU,50-69,Bedside_Telemetry,Site_B_Rural,95,105,2.2,22.5
PAT-00947,0,0,0.2,production,SICU,30-49,Mobile_Vitals,Site_A_Metro,96,104,2.4,23.3
PAT-00948,0,0,0.23,production,CCU,18-29,Central_Station,Site_B_Rural,97,103,2.6,24.1
PAT-00949,0,0,0.26,production,MICU,70+,Bedside_Telemetry,Site_A_Metro,98,102,2.8,24.9
PAT-00950,0,0,0.29,production,SICU,50-69,Mobile_Vitals,Site_B_Rural,99,101,3.0,25.7
PAT-00951,0,1,0.58,production,CCU,30-49,Central_Station,Site_A_Metro,100,100,3.2,26.5
PAT-00952,0,0,0.05,production,MICU,18-29,Bedside_Telemetry,Site_B_Rural,101,99,3.4,27.3
PAT-00953,0,0,0.08,production,SICU,70+,Mobile_Vitals,Site_A_Metro,102,98,3.6,28.1
PAT-00954,0,0,0.11,production,CCU,50-69,Central_Station,Site_B_Rural,103,97,3.8,28.9
PAT-00955,0,0,0.14,production,MICU,30-49,Bedside_Telemetry,Site_A_Metro,104,96,4.0,29.7
PAT-00956,0,0,0.17,production,SICU,18-29,Mobile_Vitals,Site_B_Rural,105,95,4.2,30.5
PAT-00957,0,0,0.2,production,CCU,70+,Central_Station,Site_A_Metro,106,94,4.4,31.3
PAT-00958,0,0,0.23,production,MICU,50-69,Bedside_Telemetry,Site_B_Rural,107,93,4.6,32.1
PAT-00959,0,0,0.26,production,SICU,30-49,Mobile_Vitals,Site_A_Metro,108,92,4.8,32.9
PAT-00960,0,0,0.29,production,CCU,18-29,Central_Station,Site_B_Rural,109,91,5.0,33.7
PAT-00961,0,0,0.02,production,MICU,70+,Bedside_Telemetry,Site_A_Metro,70,120,1.2,22.5
PAT-00962,0,0,0.05,production,SICU,50-69,Mobile_Vitals,Site_B_Rural,71,119,1.4,23.3
PAT-00963,0,0,0.08,production,CCU,30-49,Central_Station,Site_A_Metro,72,118,1.6,24.1
PAT-00964,0,0,0.11,production,MICU,18-29,Bedside_Telemetry,Site_B_Rural,73,117,1.8,24.9
PAT-00965,0,0,0.14,production,SICU,70+,Mobile_Vitals,Site_A_Metro,74,116,2.0,25.7
PAT-00966,0,0,0.17,production,CCU,50-69,Central_Station,Site_B_Rural,75,115,2.2,26.5
PAT-00967,0,0,0.2,production,MICU,30-49,Bedside_Telemetry,Site_A_Metro,76,114,2.4,27.3
PAT-00968,0,0,0.23,production,SICU,18-29,Mobile_Vitals,Site_B_Rural,77,113,2.6,28.1
PAT-00969,0,0,0.26,production,CCU,70+,Central_Station,Site_A_Metro,78,112,2.8,28.9
PAT-00970,0,0,0.29,production,MICU,50-69,Bedside_Telemetry,Site_B_Rural,79,111,3.0,29.7
PAT-00971,0,0,0.02,production,SICU,30-49,Mobile_Vitals,Site_A_Metro,80,110,3.2,30.5
PAT-00972,0,0,0.05,production,CCU,18-29,Central_Station,Site_B_Rural,81,109,3.4,31.3
PAT-00973,0,0,0.08,production,MICU,70+,Bedside_Telemetry,Site_A_Metro,82,108,3.6,32.1
PAT-00974,0,0,0.11,production,SICU,50-69,Mobile_Vitals,Site_B_Rural,83,107,3.8,32.9
PAT-00975,0,0,0.14,production,CCU,30-49,Central_Station,Site_A_Metro,84,106,4.0,33.7
PAT-00976,0,1,0.58,production,MICU,18-29,Bedside_Telemetry,Site_B_Rural,85,105,4.2,22.5
PAT-00977,0,0,0.2,production,SICU,70+,Mobile_Vitals,Site_A_Metro,86,104,4.4,23.3
PAT-00978,0,0,0.23,production,CCU,50-69,Central_Station,Site_B_Rural,87,103,4.6,24.1
PAT-00979,0,0,0.26,production,MICU,30-49,Bedside_Telemetry,Site_A_Metro,88,102,4.8,24.9
PAT-00980,0,0,0.29,production,SICU,18-29,Mobile_Vitals,Site_B_Rural,89,101,5.0,25.7
PAT-00981,0,0,0.02,production,CCU,70+,Central_Station,Site_A_Metro,90,100,1.2,26.5
PAT-00982,0,0,0.05,production,MICU,50-69,Bedside_Telemetry,Site_B_Rural,91,99,1.4,27.3
PAT-00983,0,0,0.08,production,SICU,30-49,Mobile_Vitals,Site_A_Metro,92,98,1.6,28.1
PAT-00984,0,0,0.11,production,CCU,18-29,Central_Station,Site_B_Rural,93,97,1.8,28.9
PAT-00985,0,0,0.14,production,MICU,70+,Bedside_Telemetry,Site_A_Metro,94,96,2.0,29.7
PAT-00986,0,0,0.17,production,SICU,50-69,Mobile_Vitals,Site_B_Rural,95,95,2.2,30.5
PAT-00987,0,0,0.2,production,CCU,30-49,Central_Station,Site_A_Metro,96,94,2.4,31.3
PAT-00988,0,0,0.23,production,MICU,18-29,Bedside_Telemetry,Site_B_Rural,97,93,2.6,32.1
PAT-00989,0,0,0.26,production,SICU,70+,Mobile_Vitals,Site_A_Metro,98,92,2.8,32.9
PAT-00990,0,0,0.29,production,CCU,50-69,Central_Station,Site_B_Rural,99,91,3.0,33.7
PAT-00991,0,0,0.02,production,MICU,30-49,Bedside_Telemetry,Site_A_Metro,100,120,3.2,22.5
PAT-00992,0,0,0.05,production,SICU,18-29,Mobile_Vitals,Site_B_Rural,101,119,3.4,23.3
PAT-00993,0,0,0.08,production,CCU,70+,Central_Station,Site_A_Metro,102,118,3.6,24.1
PAT-00994,0,0,0.11,production,MICU,50-69,Bedside_Telemetry,Site_B_Rural,103,117,3.8,24.9
PAT-00995,0,0,0.14,production,SICU,30-49,Mobile_Vitals,Site_A_Metro,104,116,4.0,25.7
PAT-00996,0,0,0.17,production,CCU,18-29,Central_Station,Site_B_Rural,105,115,4.2,26.5
PAT-00997,0,0,0.2,production,MICU,70+,Bedside_Telemetry,Site_A_Metro,106,114,4.4,27.3
PAT-00998,0,0,0.23,production,SICU,50-69,Mobile_Vitals,Site_B_Rural,107,113,4.6,28.1
PAT-00999,0,0,0.26,production,CCU,30-49,Central_Station,Site_A_Metro,108,112,4.8,28.9
PAT-01000,0,0,0.29,production,MICU,18-29,Bedside_Telemetry,Site_B_Rural,109,111,5.0,29.7